-- phpMyAdmin SQL Dump
-- version 5.1.1
-- https://www.phpmyadmin.net/
--
-- Host: 127.0.0.1
-- Generation Time: Jul 10, 2023 at 04:42 PM
-- Server version: 10.5.19-MariaDB-cll-lve
-- PHP Version: 7.2.34

SET SQL_MODE = "NO_AUTO_VALUE_ON_ZERO";
START TRANSACTION;
SET time_zone = "+00:00";


/*!40101 SET @OLD_CHARACTER_SET_CLIENT=@@CHARACTER_SET_CLIENT */;
/*!40101 SET @OLD_CHARACTER_SET_RESULTS=@@CHARACTER_SET_RESULTS */;
/*!40101 SET @OLD_COLLATION_CONNECTION=@@COLLATION_CONNECTION */;
/*!40101 SET NAMES utf8mb4 */;

--
-- Database: `u546582562_brgy_alulod`
--

-- --------------------------------------------------------

--
-- Table structure for table `app_delete_files`
--

CREATE TABLE `app_delete_files` (
  `id` int(11) NOT NULL,
  `filepath` text DEFAULT NULL
) ENGINE=InnoDB DEFAULT CHARSET=utf8 COLLATE=utf8_unicode_ci ROW_FORMAT=DYNAMIC;

-- --------------------------------------------------------

--
-- Table structure for table `app_navbar_menus`
--

CREATE TABLE `app_navbar_menus` (
  `id` int(11) NOT NULL,
  `parent_id` int(11) DEFAULT NULL,
  `name` varchar(150) NOT NULL,
  `display_name` varchar(150) DEFAULT NULL,
  `description` text DEFAULT NULL,
  `route_id` int(11) DEFAULT NULL,
  `icon` varchar(150) DEFAULT NULL,
  `order` int(11) DEFAULT NULL,
  `public` tinyint(1) DEFAULT 0,
  `active` tinyint(1) DEFAULT 1,
  `created_at` datetime DEFAULT current_timestamp(),
  `updated_at` datetime DEFAULT current_timestamp()
) ENGINE=InnoDB DEFAULT CHARSET=utf8 COLLATE=utf8_unicode_ci ROW_FORMAT=DYNAMIC;

--
-- Dumping data for table `app_navbar_menus`
--

INSERT INTO `app_navbar_menus` (`id`, `parent_id`, `name`, `display_name`, `description`, `route_id`, `icon`, `order`, `public`, `active`, `created_at`, `updated_at`) VALUES
(2, NULL, 'Map', 'Map', NULL, 109, '', 1, 1, 1, '2022-07-19 18:33:27', '2023-05-22 23:10:20'),
(3, NULL, 'Reports', 'Reports', NULL, 105, '', 2, 1, 1, '2022-09-01 23:41:04', '2023-05-22 23:10:20'),
(4, NULL, 'Sms Outbounds', 'Sms Outbounds', NULL, NULL, '', 3, 0, 1, '2023-05-22 23:09:01', '2023-05-22 23:10:20'),
(5, 4, 'Sms Outbounds All', 'All', NULL, 106, '', 1, 0, 1, '2023-05-22 23:09:28', '2023-05-22 23:10:20'),
(6, 4, 'Sms Outbounds New', 'New', NULL, 107, '', 2, 0, 1, '2023-05-22 23:09:57', '2023-05-22 23:10:20');

-- --------------------------------------------------------

--
-- Table structure for table `app_notifications`
--

CREATE TABLE `app_notifications` (
  `id` int(11) NOT NULL,
  `user_id` int(11) NOT NULL,
  `url` text NOT NULL,
  `title` varchar(150) DEFAULT NULL,
  `content` text NOT NULL,
  `tablename` varchar(50) DEFAULT NULL,
  `table_reference` varchar(50) DEFAULT NULL,
  `view_at` datetime DEFAULT NULL,
  `active` tinyint(1) DEFAULT 1,
  `created_at` datetime DEFAULT NULL,
  `updated_at` datetime DEFAULT NULL
) ENGINE=InnoDB DEFAULT CHARSET=utf8 COLLATE=utf8_unicode_ci ROW_FORMAT=DYNAMIC;

-- --------------------------------------------------------

--
-- Table structure for table `app_permissions`
--

CREATE TABLE `app_permissions` (
  `id` int(11) NOT NULL,
  `permission` varchar(150) NOT NULL,
  `description` text DEFAULT NULL,
  `active` tinyint(1) DEFAULT 1,
  `created_at` datetime DEFAULT current_timestamp(),
  `updated_at` datetime DEFAULT current_timestamp()
) ENGINE=InnoDB DEFAULT CHARSET=utf8 COLLATE=utf8_unicode_ci ROW_FORMAT=DYNAMIC;

--
-- Dumping data for table `app_permissions`
--

INSERT INTO `app_permissions` (`id`, `permission`, `description`, `active`, `created_at`, `updated_at`) VALUES
(1, 'activate-navbar', NULL, 1, '2021-11-07 20:42:30', '2021-11-07 20:42:30'),
(2, 'activate-user', NULL, 1, '2021-11-07 20:42:30', '2021-11-07 20:42:30'),
(3, 'activate-route', NULL, 1, '2021-11-07 20:42:30', '2021-11-07 20:42:30'),
(4, 'activate-role', NULL, 1, '2021-11-07 20:42:30', '2021-11-07 20:42:30'),
(5, 'activate-permission', NULL, 1, '2021-11-07 20:42:30', '2021-11-07 20:42:30'),
(6, 'activate-sidebar', NULL, 1, '2021-11-07 20:42:30', '2021-11-07 20:42:30'),
(7, 'reset-user-password', NULL, 1, '2021-11-07 20:42:30', '2021-11-07 20:42:30'),
(8, 'change-role-routes', NULL, 1, '2021-11-07 20:42:30', '2021-11-07 20:42:30'),
(9, 'change-role-permissions', NULL, 1, '2021-11-07 20:42:30', '2021-11-07 20:42:30'),
(10, 'change-user-roles', NULL, 1, '2021-11-07 20:42:30', '2021-11-07 20:42:30'),
(11, 'activate-news', NULL, 1, '2022-09-02 21:42:48', '2022-09-02 21:42:48'),
(12, 'activate-report', NULL, 1, '2022-09-02 21:43:38', '2022-09-02 21:43:38');

-- --------------------------------------------------------

--
-- Table structure for table `app_roles`
--

CREATE TABLE `app_roles` (
  `id` int(11) NOT NULL,
  `role` varchar(150) NOT NULL,
  `description` text DEFAULT NULL,
  `active` tinyint(1) DEFAULT 1,
  `created_at` datetime DEFAULT current_timestamp(),
  `updated_at` datetime DEFAULT current_timestamp()
) ENGINE=InnoDB DEFAULT CHARSET=utf8 COLLATE=utf8_unicode_ci ROW_FORMAT=DYNAMIC;

--
-- Dumping data for table `app_roles`
--

INSERT INTO `app_roles` (`id`, `role`, `description`, `active`, `created_at`, `updated_at`) VALUES
(1, 'admin', NULL, 1, '2021-11-07 20:42:29', '2021-11-07 20:42:29'),
(9, 'Barangay  Secretary', 'Admin', 1, '2023-05-26 21:04:02', '2023-05-26 21:04:02'),
(10, 'skchairperson', NULL, 1, '2023-05-26 21:16:50', '2023-05-26 21:18:07'),
(11, 'healthworker', NULL, 1, '2023-05-26 21:18:44', '2023-05-26 21:18:44'),
(12, 'Barangay Captain', NULL, 1, '2023-05-27 00:18:40', '2023-05-27 00:18:40'),
(13, 'test', NULL, 1, '2023-06-14 08:20:19', '2023-06-14 08:20:19');

-- --------------------------------------------------------

--
-- Table structure for table `app_role_permissions`
--

CREATE TABLE `app_role_permissions` (
  `id` int(11) NOT NULL,
  `role_id` int(11) DEFAULT NULL,
  `permission_id` int(11) DEFAULT NULL,
  `active` tinyint(1) DEFAULT 1,
  `created_at` datetime DEFAULT current_timestamp(),
  `updated_at` datetime DEFAULT current_timestamp()
) ENGINE=InnoDB DEFAULT CHARSET=utf8 COLLATE=utf8_unicode_ci ROW_FORMAT=DYNAMIC;

--
-- Dumping data for table `app_role_permissions`
--

INSERT INTO `app_role_permissions` (`id`, `role_id`, `permission_id`, `active`, `created_at`, `updated_at`) VALUES
(1, 1, 1, 1, '2021-11-07 20:42:30', '2021-11-07 20:42:30'),
(2, 1, 2, 1, '2021-11-07 20:42:30', '2021-11-07 20:42:30'),
(3, 1, 3, 1, '2021-11-07 20:42:30', '2021-11-07 20:42:30'),
(4, 1, 4, 1, '2021-11-07 20:42:30', '2021-11-07 20:42:30'),
(5, 1, 5, 1, '2021-11-07 20:42:30', '2021-11-07 20:42:30'),
(6, 1, 6, 1, '2021-11-07 20:42:30', '2021-11-07 20:42:30'),
(7, 1, 7, 1, '2021-11-07 20:42:30', '2021-11-07 20:42:30'),
(8, 1, 8, 1, '2021-11-07 20:42:30', '2021-11-07 20:42:30'),
(9, 1, 9, 1, '2021-11-07 20:42:30', '2021-11-07 20:42:30'),
(10, 1, 10, 1, '2021-11-07 20:42:30', '2021-11-07 20:42:30'),
(12, 1, 11, 1, '2022-09-02 21:42:48', '2022-09-02 21:42:48'),
(13, 1, 12, 1, '2022-09-02 21:43:38', '2022-09-02 21:43:38'),
(17, 13, 11, 1, '2023-06-14 08:23:59', '2023-06-14 08:23:59'),
(18, 13, 7, 1, '2023-06-14 08:25:29', '2023-06-14 08:25:29');

-- --------------------------------------------------------

--
-- Table structure for table `app_role_routes`
--

CREATE TABLE `app_role_routes` (
  `id` int(11) NOT NULL,
  `role_id` int(11) NOT NULL,
  `route_id` int(11) DEFAULT NULL,
  `active` tinyint(1) DEFAULT 1,
  `created_at` datetime DEFAULT current_timestamp(),
  `updated_at` datetime DEFAULT current_timestamp()
) ENGINE=InnoDB DEFAULT CHARSET=utf8 COLLATE=utf8_unicode_ci ROW_FORMAT=DYNAMIC;

--
-- Dumping data for table `app_role_routes`
--

INSERT INTO `app_role_routes` (`id`, `role_id`, `route_id`, `active`, `created_at`, `updated_at`) VALUES
(1, 1, 17, 1, '2021-11-07 20:42:29', '2021-11-07 20:42:29'),
(2, 1, 18, 1, '2021-11-07 20:42:29', '2021-11-07 20:42:29'),
(3, 1, 19, 1, '2021-11-07 20:42:29', '2021-11-07 20:42:29'),
(4, 1, 20, 1, '2021-11-07 20:42:29', '2021-11-07 20:42:29'),
(5, 1, 21, 1, '2021-11-07 20:42:29', '2021-11-07 20:42:29'),
(6, 1, 22, 1, '2021-11-07 20:42:29', '2021-11-07 20:42:29'),
(7, 1, 23, 1, '2021-11-07 20:42:29', '2021-11-07 20:42:29'),
(8, 1, 24, 1, '2021-11-07 20:42:29', '2021-11-07 20:42:29'),
(9, 1, 25, 1, '2021-11-07 20:42:29', '2021-11-07 20:42:29'),
(10, 1, 26, 1, '2021-11-07 20:42:29', '2021-11-07 20:42:29'),
(11, 1, 27, 1, '2021-11-07 20:42:29', '2021-11-07 20:42:29'),
(12, 1, 28, 1, '2021-11-07 20:42:29', '2021-11-07 20:42:29'),
(13, 1, 29, 1, '2021-11-07 20:42:29', '2021-11-07 20:42:29'),
(14, 1, 30, 1, '2021-11-07 20:42:29', '2021-11-07 20:42:29'),
(15, 1, 31, 1, '2021-11-07 20:42:29', '2021-11-07 20:42:29'),
(16, 1, 32, 1, '2021-11-07 20:42:29', '2021-11-07 20:42:29'),
(17, 1, 33, 1, '2021-11-07 20:42:29', '2021-11-07 20:42:29'),
(18, 1, 34, 1, '2021-11-07 20:42:29', '2021-11-07 20:42:29'),
(19, 1, 35, 1, '2021-11-07 20:42:29', '2021-11-07 20:42:29'),
(20, 1, 36, 1, '2021-11-07 20:42:29', '2021-11-07 20:42:29'),
(21, 1, 37, 1, '2021-11-07 20:42:29', '2021-11-07 20:42:29'),
(22, 1, 38, 1, '2021-11-07 20:42:29', '2021-11-07 20:42:29'),
(23, 1, 39, 1, '2021-11-07 20:42:29', '2021-11-07 20:42:29'),
(24, 1, 40, 1, '2021-11-07 20:42:29', '2021-11-07 20:42:29'),
(25, 1, 41, 1, '2021-11-07 20:42:29', '2021-11-07 20:42:29'),
(26, 1, 42, 1, '2021-11-07 20:42:29', '2021-11-07 20:42:29'),
(27, 1, 43, 1, '2021-11-07 20:42:29', '2021-11-07 20:42:29'),
(28, 1, 44, 1, '2021-11-07 20:42:30', '2021-11-07 20:42:30'),
(29, 1, 45, 1, '2021-11-07 20:42:30', '2021-11-07 20:42:30'),
(30, 1, 46, 1, '2021-11-07 20:42:30', '2021-11-07 20:42:30'),
(31, 1, 47, 1, '2021-11-07 20:42:30', '2021-11-07 20:42:30'),
(32, 1, 48, 1, '2021-11-07 20:42:30', '2021-11-07 20:42:30'),
(33, 1, 49, 1, '2021-11-07 20:42:30', '2021-11-07 20:42:30'),
(34, 1, 50, 1, '2021-11-07 20:42:30', '2021-11-07 20:42:30'),
(35, 1, 51, 1, '2021-11-07 20:42:30', '2021-11-07 20:42:30'),
(36, 1, 52, 1, '2021-11-07 20:42:30', '2021-11-07 20:42:30'),
(37, 1, 53, 1, '2021-11-07 20:42:30', '2021-11-07 20:42:30'),
(38, 1, 54, 1, '2021-11-07 20:42:30', '2021-11-07 20:42:30'),
(39, 1, 55, 1, '2021-11-07 20:42:30', '2021-11-07 20:42:30'),
(40, 1, 56, 1, '2021-11-07 20:42:30', '2021-11-07 20:42:30'),
(41, 1, 57, 1, '2021-11-07 20:42:30', '2021-11-07 20:42:30'),
(42, 1, 58, 1, '2021-11-07 20:42:30', '2021-11-07 20:42:30'),
(43, 1, 59, 1, '2021-11-07 20:42:30', '2021-11-07 20:42:30'),
(44, 1, 60, 1, '2021-11-07 20:42:30', '2021-11-07 20:42:30'),
(45, 1, 61, 1, '2022-07-18 10:36:21', '2022-07-18 10:36:21'),
(46, 1, 62, 1, '2022-07-18 10:36:36', '2022-07-18 10:36:36'),
(47, 1, 63, 1, '2022-07-18 10:36:50', '2022-07-18 10:36:50'),
(48, 1, 64, 1, '2022-07-18 10:36:50', '2022-07-18 10:36:50'),
(49, 1, 65, 1, '2022-07-18 10:36:50', '2022-07-18 10:36:50'),
(50, 1, 66, 1, '2022-07-18 10:36:50', '2022-07-18 10:36:50'),
(51, 1, 67, 1, '2022-07-18 10:36:50', '2022-07-18 10:36:50'),
(52, 1, 68, 1, '2022-07-18 10:36:50', '2022-07-18 10:36:50'),
(59, 1, 69, 1, '2022-08-30 21:31:21', '2022-08-30 21:31:21'),
(60, 1, 70, 1, '2022-08-30 21:31:21', '2022-08-30 21:31:21'),
(61, 1, 71, 1, '2022-08-30 21:31:21', '2022-08-30 21:31:21'),
(62, 1, 72, 1, '2022-08-30 21:31:21', '2022-08-30 21:31:21'),
(63, 1, 73, 1, '2022-08-30 21:31:21', '2022-08-30 21:31:21'),
(64, 1, 74, 1, '2022-08-30 21:31:21', '2022-08-30 21:31:21'),
(65, 1, 75, 1, '2022-08-30 21:31:41', '2022-08-30 21:31:41'),
(66, 1, 76, 1, '2022-08-30 21:31:41', '2022-08-30 21:31:41'),
(67, 1, 77, 1, '2022-08-30 21:31:41', '2022-08-30 21:31:41'),
(68, 1, 78, 1, '2022-08-30 21:31:41', '2022-08-30 21:31:41'),
(69, 1, 79, 1, '2022-08-30 21:31:41', '2022-08-30 21:31:41'),
(70, 1, 80, 1, '2022-08-30 21:31:41', '2022-08-30 21:31:41'),
(71, 1, 81, 1, '2022-08-30 21:32:04', '2022-08-30 21:32:04'),
(72, 1, 82, 1, '2022-08-30 21:32:04', '2022-08-30 21:32:04'),
(73, 1, 83, 1, '2022-08-30 21:32:04', '2022-08-30 21:32:04'),
(74, 1, 84, 1, '2022-08-30 21:32:04', '2022-08-30 21:32:04'),
(75, 1, 85, 1, '2022-08-30 21:32:04', '2022-08-30 21:32:04'),
(76, 1, 86, 1, '2022-08-30 21:32:04', '2022-08-30 21:32:04'),
(95, 1, 87, 1, '2022-09-01 23:38:45', '2022-09-01 23:38:45'),
(96, 1, 88, 1, '2022-09-01 23:38:45', '2022-09-01 23:38:45'),
(97, 1, 89, 1, '2022-09-01 23:38:45', '2022-09-01 23:38:45'),
(98, 1, 90, 1, '2022-09-01 23:38:45', '2022-09-01 23:38:45'),
(99, 1, 91, 1, '2022-09-01 23:38:45', '2022-09-01 23:38:45'),
(100, 1, 92, 1, '2022-09-01 23:38:45', '2022-09-01 23:38:45'),
(101, 1, 93, 1, '2022-09-01 23:39:02', '2022-09-01 23:39:02'),
(102, 1, 94, 1, '2022-09-01 23:39:02', '2022-09-01 23:39:02'),
(103, 1, 95, 1, '2022-09-01 23:39:02', '2022-09-01 23:39:02'),
(104, 1, 96, 1, '2022-09-01 23:39:02', '2022-09-01 23:39:02'),
(105, 1, 97, 1, '2022-09-01 23:39:02', '2022-09-01 23:39:02'),
(106, 1, 98, 1, '2022-09-01 23:39:02', '2022-09-01 23:39:02'),
(107, 1, 99, 1, '2022-09-01 23:39:23', '2022-09-01 23:39:23'),
(108, 1, 100, 1, '2022-09-01 23:39:23', '2022-09-01 23:39:23'),
(109, 1, 101, 1, '2022-09-01 23:39:23', '2022-09-01 23:39:23'),
(110, 1, 102, 1, '2022-09-01 23:39:23', '2022-09-01 23:39:23'),
(111, 1, 103, 1, '2022-09-01 23:39:23', '2022-09-01 23:39:23'),
(112, 1, 104, 1, '2022-09-01 23:39:23', '2022-09-01 23:39:23'),
(113, 1, 105, 1, '2022-09-01 23:40:44', '2022-09-01 23:40:44'),
(114, 1, 106, 1, '2022-09-01 23:42:30', '2022-09-01 23:42:30'),
(115, 1, 107, 1, '2022-09-01 23:42:38', '2022-09-01 23:42:38'),
(116, 1, 108, 1, '2022-09-01 23:42:48', '2022-09-01 23:42:48'),
(138, 1, 109, 1, '2022-09-02 21:17:56', '2022-09-02 21:17:56'),
(224, 9, 93, 1, '2023-05-26 21:05:31', '2023-05-26 21:05:31'),
(225, 9, 98, 1, '2023-05-26 21:05:31', '2023-05-26 21:05:31'),
(226, 9, 96, 1, '2023-05-26 21:05:31', '2023-05-26 21:05:31'),
(227, 9, 94, 1, '2023-05-26 21:05:31', '2023-05-26 21:05:31'),
(228, 9, 95, 1, '2023-05-26 21:05:31', '2023-05-26 21:05:31'),
(229, 9, 97, 1, '2023-05-26 21:05:31', '2023-05-26 21:05:31'),
(230, 9, 81, 1, '2023-05-26 21:05:31', '2023-05-26 21:05:31'),
(231, 9, 86, 1, '2023-05-26 21:05:31', '2023-05-26 21:05:31'),
(232, 9, 84, 1, '2023-05-26 21:05:31', '2023-05-26 21:05:31'),
(233, 9, 82, 1, '2023-05-26 21:05:31', '2023-05-26 21:05:31'),
(234, 9, 83, 1, '2023-05-26 21:05:31', '2023-05-26 21:05:31'),
(235, 9, 85, 1, '2023-05-26 21:05:31', '2023-05-26 21:05:31'),
(236, 9, 75, 1, '2023-05-26 21:05:31', '2023-05-26 21:05:31'),
(237, 9, 80, 1, '2023-05-26 21:05:31', '2023-05-26 21:05:31'),
(238, 9, 78, 1, '2023-05-26 21:05:31', '2023-05-26 21:05:31'),
(239, 9, 76, 1, '2023-05-26 21:05:31', '2023-05-26 21:05:31'),
(240, 9, 77, 1, '2023-05-26 21:05:31', '2023-05-26 21:05:31'),
(241, 9, 79, 1, '2023-05-26 21:05:31', '2023-05-26 21:05:31'),
(242, 9, 99, 1, '2023-05-26 21:05:31', '2023-05-26 21:05:31'),
(243, 9, 104, 1, '2023-05-26 21:05:31', '2023-05-26 21:05:31'),
(244, 9, 102, 1, '2023-05-26 21:05:31', '2023-05-26 21:05:31'),
(245, 9, 100, 1, '2023-05-26 21:05:31', '2023-05-26 21:05:31'),
(246, 9, 101, 1, '2023-05-26 21:05:31', '2023-05-26 21:05:31'),
(247, 9, 103, 1, '2023-05-26 21:05:31', '2023-05-26 21:05:31'),
(248, 9, 87, 1, '2023-05-26 21:05:31', '2023-05-26 21:05:31'),
(249, 9, 92, 1, '2023-05-26 21:05:31', '2023-05-26 21:05:31'),
(250, 9, 90, 1, '2023-05-26 21:05:31', '2023-05-26 21:05:31'),
(251, 9, 88, 1, '2023-05-26 21:05:31', '2023-05-26 21:05:31'),
(252, 9, 89, 1, '2023-05-26 21:05:31', '2023-05-26 21:05:31'),
(253, 9, 91, 1, '2023-05-26 21:05:31', '2023-05-26 21:05:31'),
(254, 9, 69, 1, '2023-05-26 21:05:31', '2023-05-26 21:05:31'),
(255, 9, 74, 1, '2023-05-26 21:05:31', '2023-05-26 21:05:31'),
(256, 9, 72, 1, '2023-05-26 21:05:31', '2023-05-26 21:05:31'),
(257, 9, 70, 1, '2023-05-26 21:05:31', '2023-05-26 21:05:31'),
(258, 9, 71, 1, '2023-05-26 21:05:31', '2023-05-26 21:05:31'),
(259, 9, 73, 1, '2023-05-26 21:05:31', '2023-05-26 21:05:31'),
(260, 9, 105, 1, '2023-05-26 21:05:31', '2023-05-26 21:05:31'),
(261, 9, 106, 1, '2023-05-26 21:08:47', '2023-05-26 21:08:47'),
(262, 9, 107, 1, '2023-05-26 21:08:47', '2023-05-26 21:08:47'),
(263, 9, 108, 1, '2023-05-26 21:08:47', '2023-05-26 21:08:47'),
(264, 9, 109, 1, '2023-05-26 21:08:47', '2023-05-26 21:08:47'),
(265, 10, 93, 1, '2023-05-26 21:17:48', '2023-05-26 21:17:48'),
(266, 10, 98, 1, '2023-05-26 21:17:48', '2023-05-26 21:17:48'),
(267, 10, 96, 1, '2023-05-26 21:17:48', '2023-05-26 21:17:48'),
(268, 10, 94, 1, '2023-05-26 21:17:48', '2023-05-26 21:17:48'),
(269, 10, 95, 1, '2023-05-26 21:17:48', '2023-05-26 21:17:48'),
(270, 10, 97, 1, '2023-05-26 21:17:48', '2023-05-26 21:17:48'),
(271, 10, 81, 1, '2023-05-26 21:17:48', '2023-05-26 21:17:48'),
(272, 10, 86, 1, '2023-05-26 21:17:48', '2023-05-26 21:17:48'),
(273, 10, 84, 1, '2023-05-26 21:17:48', '2023-05-26 21:17:48'),
(274, 10, 82, 1, '2023-05-26 21:17:48', '2023-05-26 21:17:48'),
(275, 10, 83, 1, '2023-05-26 21:17:48', '2023-05-26 21:17:48'),
(276, 10, 85, 1, '2023-05-26 21:17:48', '2023-05-26 21:17:48'),
(277, 10, 75, 1, '2023-05-26 21:17:48', '2023-05-26 21:17:48'),
(278, 10, 80, 1, '2023-05-26 21:17:48', '2023-05-26 21:17:48'),
(279, 10, 78, 1, '2023-05-26 21:17:48', '2023-05-26 21:17:48'),
(280, 10, 76, 1, '2023-05-26 21:17:48', '2023-05-26 21:17:48'),
(281, 10, 77, 1, '2023-05-26 21:17:48', '2023-05-26 21:17:48'),
(282, 10, 79, 1, '2023-05-26 21:17:48', '2023-05-26 21:17:48'),
(283, 10, 99, 1, '2023-05-26 21:17:48', '2023-05-26 21:17:48'),
(284, 10, 104, 1, '2023-05-26 21:17:48', '2023-05-26 21:17:48'),
(285, 10, 102, 1, '2023-05-26 21:17:48', '2023-05-26 21:17:48'),
(286, 10, 100, 1, '2023-05-26 21:17:48', '2023-05-26 21:17:48'),
(287, 10, 101, 1, '2023-05-26 21:17:48', '2023-05-26 21:17:48'),
(288, 10, 103, 1, '2023-05-26 21:17:48', '2023-05-26 21:17:48'),
(289, 10, 87, 1, '2023-05-26 21:17:48', '2023-05-26 21:17:48'),
(290, 10, 92, 1, '2023-05-26 21:17:48', '2023-05-26 21:17:48'),
(291, 10, 90, 1, '2023-05-26 21:17:48', '2023-05-26 21:17:48'),
(292, 10, 88, 1, '2023-05-26 21:17:48', '2023-05-26 21:17:48'),
(293, 10, 89, 1, '2023-05-26 21:17:48', '2023-05-26 21:17:48'),
(294, 10, 91, 1, '2023-05-26 21:17:48', '2023-05-26 21:17:48'),
(295, 10, 69, 1, '2023-05-26 21:17:48', '2023-05-26 21:17:48'),
(296, 10, 74, 1, '2023-05-26 21:17:48', '2023-05-26 21:17:48'),
(297, 10, 72, 1, '2023-05-26 21:17:48', '2023-05-26 21:17:48'),
(298, 10, 70, 1, '2023-05-26 21:17:48', '2023-05-26 21:17:48'),
(299, 10, 71, 1, '2023-05-26 21:17:48', '2023-05-26 21:17:48'),
(300, 10, 73, 1, '2023-05-26 21:17:48', '2023-05-26 21:17:48'),
(301, 10, 109, 1, '2023-05-26 21:17:48', '2023-05-26 21:17:48'),
(302, 10, 105, 1, '2023-05-26 21:17:48', '2023-05-26 21:17:48'),
(303, 11, 93, 1, '2023-05-26 21:20:20', '2023-05-26 21:20:20'),
(304, 11, 98, 1, '2023-05-26 21:20:20', '2023-05-26 21:20:20'),
(305, 11, 96, 1, '2023-05-26 21:20:20', '2023-05-26 21:20:20'),
(306, 11, 94, 1, '2023-05-26 21:20:20', '2023-05-26 21:20:20'),
(307, 11, 95, 1, '2023-05-26 21:20:20', '2023-05-26 21:20:20'),
(308, 11, 97, 1, '2023-05-26 21:20:20', '2023-05-26 21:20:20'),
(309, 11, 81, 1, '2023-05-26 21:20:20', '2023-05-26 21:20:20'),
(310, 11, 86, 1, '2023-05-26 21:20:20', '2023-05-26 21:20:20'),
(311, 11, 84, 1, '2023-05-26 21:20:20', '2023-05-26 21:20:20'),
(312, 11, 82, 1, '2023-05-26 21:20:20', '2023-05-26 21:20:20'),
(313, 11, 83, 1, '2023-05-26 21:20:20', '2023-05-26 21:20:20'),
(314, 11, 85, 1, '2023-05-26 21:20:20', '2023-05-26 21:20:20'),
(315, 11, 75, 1, '2023-05-26 21:20:20', '2023-05-26 21:20:20'),
(316, 11, 80, 1, '2023-05-26 21:20:20', '2023-05-26 21:20:20'),
(317, 11, 78, 1, '2023-05-26 21:20:20', '2023-05-26 21:20:20'),
(318, 11, 76, 1, '2023-05-26 21:20:20', '2023-05-26 21:20:20'),
(319, 11, 77, 1, '2023-05-26 21:20:20', '2023-05-26 21:20:20'),
(320, 11, 79, 1, '2023-05-26 21:20:20', '2023-05-26 21:20:20'),
(321, 11, 99, 1, '2023-05-26 21:20:20', '2023-05-26 21:20:20'),
(322, 11, 104, 1, '2023-05-26 21:20:20', '2023-05-26 21:20:20'),
(323, 11, 102, 1, '2023-05-26 21:20:20', '2023-05-26 21:20:20'),
(324, 11, 100, 1, '2023-05-26 21:20:20', '2023-05-26 21:20:20'),
(325, 11, 101, 1, '2023-05-26 21:20:20', '2023-05-26 21:20:20'),
(326, 11, 103, 1, '2023-05-26 21:20:20', '2023-05-26 21:20:20'),
(327, 11, 87, 1, '2023-05-26 21:20:20', '2023-05-26 21:20:20'),
(328, 11, 92, 1, '2023-05-26 21:20:20', '2023-05-26 21:20:20'),
(329, 11, 90, 1, '2023-05-26 21:20:20', '2023-05-26 21:20:20'),
(330, 11, 88, 1, '2023-05-26 21:20:20', '2023-05-26 21:20:20'),
(331, 11, 89, 1, '2023-05-26 21:20:20', '2023-05-26 21:20:20'),
(332, 11, 91, 1, '2023-05-26 21:20:20', '2023-05-26 21:20:20'),
(333, 11, 69, 1, '2023-05-26 21:20:20', '2023-05-26 21:20:20'),
(334, 11, 74, 1, '2023-05-26 21:20:20', '2023-05-26 21:20:20'),
(335, 11, 72, 1, '2023-05-26 21:20:20', '2023-05-26 21:20:20'),
(336, 11, 70, 1, '2023-05-26 21:20:20', '2023-05-26 21:20:20'),
(337, 11, 71, 1, '2023-05-26 21:20:20', '2023-05-26 21:20:20'),
(338, 11, 73, 1, '2023-05-26 21:20:20', '2023-05-26 21:20:20'),
(339, 11, 109, 1, '2023-05-26 21:20:20', '2023-05-26 21:20:20'),
(340, 11, 105, 1, '2023-05-26 21:20:20', '2023-05-26 21:20:20'),
(341, 12, 81, 1, '2023-05-27 00:19:30', '2023-05-27 00:19:30'),
(342, 12, 86, 1, '2023-05-27 00:19:30', '2023-05-27 00:19:30'),
(343, 12, 84, 1, '2023-05-27 00:19:30', '2023-05-27 00:19:30'),
(344, 12, 82, 1, '2023-05-27 00:19:30', '2023-05-27 00:19:30'),
(345, 12, 83, 1, '2023-05-27 00:19:30', '2023-05-27 00:19:30'),
(346, 12, 85, 1, '2023-05-27 00:19:30', '2023-05-27 00:19:30'),
(347, 12, 75, 1, '2023-05-27 00:19:30', '2023-05-27 00:19:30'),
(348, 12, 80, 1, '2023-05-27 00:19:30', '2023-05-27 00:19:30'),
(349, 12, 78, 1, '2023-05-27 00:19:30', '2023-05-27 00:19:30'),
(350, 12, 76, 1, '2023-05-27 00:19:30', '2023-05-27 00:19:30'),
(351, 12, 77, 1, '2023-05-27 00:19:30', '2023-05-27 00:19:30'),
(352, 12, 79, 1, '2023-05-27 00:19:30', '2023-05-27 00:19:30'),
(353, 12, 99, 1, '2023-05-27 00:19:30', '2023-05-27 00:19:30'),
(354, 12, 104, 1, '2023-05-27 00:19:30', '2023-05-27 00:19:30'),
(355, 12, 102, 1, '2023-05-27 00:19:30', '2023-05-27 00:19:30'),
(356, 12, 100, 1, '2023-05-27 00:19:30', '2023-05-27 00:19:30'),
(357, 12, 101, 1, '2023-05-27 00:19:30', '2023-05-27 00:19:30'),
(358, 12, 103, 1, '2023-05-27 00:19:30', '2023-05-27 00:19:30'),
(359, 12, 87, 1, '2023-05-27 00:19:30', '2023-05-27 00:19:30'),
(360, 12, 92, 1, '2023-05-27 00:19:30', '2023-05-27 00:19:30'),
(361, 12, 90, 1, '2023-05-27 00:19:30', '2023-05-27 00:19:30'),
(362, 12, 88, 1, '2023-05-27 00:19:30', '2023-05-27 00:19:30'),
(363, 12, 89, 1, '2023-05-27 00:19:30', '2023-05-27 00:19:30'),
(364, 12, 91, 1, '2023-05-27 00:19:30', '2023-05-27 00:19:30'),
(365, 12, 109, 1, '2023-05-27 00:19:30', '2023-05-27 00:19:30'),
(366, 12, 105, 1, '2023-05-27 00:19:30', '2023-05-27 00:19:30'),
(367, 1, 110, 1, '2023-05-31 10:12:53', '2023-05-31 10:12:53'),
(368, 9, 110, 1, '2023-05-31 11:35:23', '2023-05-31 11:35:23'),
(369, 11, 110, 1, '2023-05-31 11:35:52', '2023-05-31 11:35:52'),
(370, 10, 110, 1, '2023-05-31 11:36:20', '2023-05-31 11:36:20'),
(371, 1, 111, 1, '2023-05-31 17:02:58', '2023-05-31 17:02:58'),
(372, 9, 111, 1, '2023-06-05 10:30:35', '2023-06-05 10:30:35'),
(373, 13, 63, 1, '2023-06-14 08:20:47', '2023-06-14 08:20:47'),
(374, 13, 66, 1, '2023-06-14 08:21:45', '2023-06-14 08:21:45'),
(375, 13, 67, 1, '2023-06-14 08:22:18', '2023-06-14 08:22:18'),
(376, 13, 68, 1, '2023-06-14 08:22:36', '2023-06-14 08:22:36'),
(377, 13, 64, 1, '2023-06-14 08:22:57', '2023-06-14 08:22:57'),
(378, 13, 65, 1, '2023-06-14 08:23:11', '2023-06-14 08:23:11'),
(379, 13, 18, 1, '2023-06-14 08:25:11', '2023-06-14 08:25:11'),
(380, 13, 23, 1, '2023-06-14 08:25:11', '2023-06-14 08:25:11'),
(381, 13, 20, 1, '2023-06-14 08:25:11', '2023-06-14 08:25:11'),
(382, 13, 19, 1, '2023-06-14 08:25:11', '2023-06-14 08:25:11'),
(383, 13, 24, 1, '2023-06-14 08:25:11', '2023-06-14 08:25:11'),
(384, 13, 21, 1, '2023-06-14 08:25:11', '2023-06-14 08:25:11'),
(385, 13, 22, 1, '2023-06-14 08:25:11', '2023-06-14 08:25:11');

-- --------------------------------------------------------

--
-- Table structure for table `app_routes`
--

CREATE TABLE `app_routes` (
  `id` int(11) NOT NULL,
  `route` varchar(150) NOT NULL,
  `function` varchar(150) DEFAULT NULL,
  `active_sidebar_route_id` int(11) DEFAULT NULL,
  `description` text DEFAULT NULL,
  `public` tinyint(1) DEFAULT 0,
  `active` tinyint(1) DEFAULT 1,
  `created_at` datetime DEFAULT current_timestamp(),
  `updated_at` datetime DEFAULT current_timestamp()
) ENGINE=InnoDB DEFAULT CHARSET=utf8 COLLATE=utf8_unicode_ci ROW_FORMAT=DYNAMIC;

--
-- Dumping data for table `app_routes`
--

INSERT INTO `app_routes` (`id`, `route`, `function`, `active_sidebar_route_id`, `description`, `public`, `active`, `created_at`, `updated_at`) VALUES
(1, 'login', NULL, NULL, NULL, 0, 1, '2021-11-07 20:42:29', '2021-11-07 20:42:29'),
(2, 'login.recover', NULL, NULL, NULL, 0, 1, '2021-11-07 20:42:29', '2021-11-07 20:42:29'),
(3, 'login.signup', NULL, NULL, NULL, 0, 1, '2021-11-07 20:42:29', '2021-11-07 20:42:29'),
(4, 'login.thankyou', NULL, NULL, NULL, 0, 1, '2021-11-07 20:42:29', '2021-11-07 20:42:29'),
(5, 'login.check', NULL, NULL, NULL, 0, 1, '2021-11-07 20:42:29', '2021-11-07 20:42:29'),
(6, 'login.register', NULL, NULL, NULL, 0, 1, '2021-11-07 20:42:29', '2021-11-07 20:42:29'),
(7, 'login.verify', NULL, NULL, NULL, 0, 1, '2021-11-07 20:42:29', '2021-11-07 20:42:29'),
(8, 'login.resend-verification', NULL, NULL, NULL, 0, 1, '2021-11-07 20:42:29', '2021-11-07 20:42:29'),
(9, 'login.logout', NULL, NULL, NULL, 0, 1, '2021-11-07 20:42:29', '2021-11-07 20:42:29'),
(10, 'login.forgot_password', NULL, NULL, NULL, 0, 1, '2021-11-07 20:42:29', '2021-11-07 20:42:29'),
(11, 'login.new-password', NULL, NULL, NULL, 0, 1, '2021-11-07 20:42:29', '2021-11-07 20:42:29'),
(12, 'profile', NULL, NULL, NULL, 1, 1, '2021-11-07 20:42:29', '2021-11-07 20:42:29'),
(13, 'profile.update', NULL, NULL, NULL, 1, 1, '2021-11-07 20:42:29', '2021-11-07 20:42:29'),
(14, 'profile.password-update', NULL, NULL, NULL, 1, 1, '2021-11-07 20:42:29', '2021-11-07 20:42:29'),
(15, 'profile.photo-update', NULL, NULL, NULL, 1, 1, '2021-11-07 20:42:29', '2021-11-07 20:42:29'),
(16, 'profile.photo-delete', NULL, NULL, NULL, 1, 1, '2021-11-07 20:42:29', '2021-11-07 20:42:29'),
(17, 'admin.home', NULL, NULL, NULL, 0, 1, '2021-11-07 20:42:29', '2021-11-07 20:42:29'),
(18, 'users', NULL, NULL, NULL, 0, 1, '2021-11-07 20:42:29', '2021-11-07 20:42:29'),
(19, 'users.new', NULL, NULL, NULL, 0, 1, '2021-11-07 20:42:29', '2021-11-07 20:42:29'),
(20, 'users.edit', NULL, 18, NULL, 0, 1, '2021-11-07 20:42:29', '2021-11-07 20:42:29'),
(21, 'users.store', NULL, NULL, NULL, 0, 1, '2021-11-07 20:42:29', '2021-11-07 20:42:29'),
(22, 'users.update', NULL, NULL, NULL, 0, 1, '2021-11-07 20:42:29', '2021-11-07 20:42:29'),
(23, 'users.delete', NULL, NULL, NULL, 0, 1, '2021-11-07 20:42:29', '2021-11-07 20:42:29'),
(24, 'users.reset-password', NULL, NULL, NULL, 0, 1, '2021-11-07 20:42:29', '2021-11-07 20:42:29'),
(25, 'roles', NULL, NULL, NULL, 0, 1, '2021-11-07 20:42:29', '2021-11-07 20:42:29'),
(26, 'roles.new', NULL, NULL, NULL, 0, 1, '2021-11-07 20:42:29', '2021-11-07 20:42:29'),
(27, 'roles.edit', NULL, 25, NULL, 0, 1, '2021-11-07 20:42:29', '2021-11-07 20:42:29'),
(28, 'roles.store', NULL, NULL, NULL, 0, 1, '2021-11-07 20:42:29', '2021-11-07 20:42:29'),
(29, 'roles.update', NULL, NULL, NULL, 0, 1, '2021-11-07 20:42:29', '2021-11-07 20:42:29'),
(30, 'roles.delete', NULL, NULL, NULL, 0, 1, '2021-11-07 20:42:29', '2021-11-07 20:42:29'),
(31, 'routes', NULL, NULL, NULL, 0, 1, '2021-11-07 20:42:29', '2021-11-07 20:42:29'),
(32, 'routes.new', NULL, NULL, NULL, 0, 1, '2021-11-07 20:42:29', '2021-11-07 20:42:29'),
(33, 'routes.edit', NULL, 31, NULL, 0, 1, '2021-11-07 20:42:29', '2021-11-07 20:42:29'),
(34, 'routes.store', NULL, NULL, NULL, 0, 1, '2021-11-07 20:42:29', '2021-11-07 20:42:29'),
(35, 'routes.update', NULL, NULL, NULL, 0, 1, '2021-11-07 20:42:29', '2021-11-07 20:42:29'),
(36, 'routes.delete', NULL, NULL, NULL, 0, 1, '2021-11-07 20:42:29', '2021-11-07 20:42:29'),
(37, 'permissions', NULL, NULL, NULL, 0, 1, '2021-11-07 20:42:29', '2021-11-07 20:42:29'),
(38, 'permissions.new', NULL, NULL, NULL, 0, 1, '2021-11-07 20:42:29', '2021-11-07 20:42:29'),
(39, 'permissions.edit', NULL, 37, NULL, 0, 1, '2021-11-07 20:42:29', '2021-11-07 20:42:29'),
(40, 'permissions.store', NULL, NULL, NULL, 0, 1, '2021-11-07 20:42:29', '2021-11-07 20:42:29'),
(41, 'permissions.update', NULL, NULL, NULL, 0, 1, '2021-11-07 20:42:29', '2021-11-07 20:42:29'),
(42, 'permissions.delete', NULL, NULL, NULL, 0, 1, '2021-11-07 20:42:29', '2021-11-07 20:42:29'),
(43, 'sidebar', NULL, NULL, NULL, 0, 1, '2021-11-07 20:42:29', '2021-11-07 20:42:29'),
(44, 'sidebar.new', NULL, NULL, NULL, 0, 1, '2021-11-07 20:42:30', '2021-11-07 20:42:30'),
(45, 'sidebar.edit', NULL, 43, NULL, 0, 1, '2021-11-07 20:42:30', '2021-11-07 20:42:30'),
(46, 'sidebar.sort', NULL, NULL, NULL, 0, 1, '2021-11-07 20:42:30', '2021-11-07 20:42:30'),
(47, 'sidebar.store', NULL, NULL, NULL, 0, 1, '2021-11-07 20:42:30', '2021-11-07 20:42:30'),
(48, 'sidebar.update', NULL, NULL, NULL, 0, 1, '2021-11-07 20:42:30', '2021-11-07 20:42:30'),
(49, 'sidebar.delete', NULL, NULL, NULL, 0, 1, '2021-11-07 20:42:30', '2021-11-07 20:42:30'),
(50, 'sidebar.sort-update', NULL, NULL, NULL, 0, 1, '2021-11-07 20:42:30', '2021-11-07 20:42:30'),
(51, 'navbar', NULL, NULL, NULL, 0, 1, '2021-11-07 20:42:30', '2021-11-07 20:42:30'),
(52, 'navbar.new', NULL, NULL, NULL, 0, 1, '2021-11-07 20:42:30', '2021-11-07 20:42:30'),
(53, 'navbar.edit', NULL, 51, NULL, 0, 1, '2021-11-07 20:42:30', '2021-11-07 20:42:30'),
(54, 'navbar.sort', NULL, NULL, NULL, 0, 1, '2021-11-07 20:42:30', '2021-11-07 20:42:30'),
(55, 'navbar.store', NULL, NULL, NULL, 0, 1, '2021-11-07 20:42:30', '2021-11-07 20:42:30'),
(56, 'navbar.update', NULL, NULL, NULL, 0, 1, '2021-11-07 20:42:30', '2021-11-07 20:42:30'),
(57, 'navbar.delete', NULL, NULL, NULL, 0, 1, '2021-11-07 20:42:30', '2021-11-07 20:42:30'),
(58, 'navbar.sort-update', NULL, NULL, NULL, 0, 1, '2021-11-07 20:42:30', '2021-11-07 20:42:30'),
(59, 'home', NULL, NULL, NULL, 0, 1, '2021-11-07 20:42:30', '2021-11-07 20:42:30'),
(60, 'notifications', NULL, NULL, NULL, 0, 1, '2021-11-07 20:42:30', '2021-11-07 20:42:30'),
(61, 'news', '', NULL, NULL, 1, 1, '2022-07-18 10:36:21', '2022-07-18 10:36:21'),
(62, 'news.view', '', 61, NULL, 1, 1, '2022-07-18 10:36:36', '2022-07-18 10:36:36'),
(63, 'admin--news', NULL, NULL, NULL, 0, 1, '2022-07-18 10:36:50', '2022-07-18 10:36:50'),
(64, 'admin--news.new', NULL, NULL, NULL, 0, 1, '2022-07-18 10:36:50', '2022-07-18 10:36:50'),
(65, 'admin--news.store', NULL, NULL, NULL, 0, 1, '2022-07-18 10:36:50', '2022-07-18 10:36:50'),
(66, 'admin--news.edit', NULL, 63, NULL, 0, 1, '2022-07-18 10:36:50', '2022-07-18 10:36:50'),
(67, 'admin--news.update', NULL, NULL, NULL, 0, 1, '2022-07-18 10:36:50', '2022-07-18 10:36:50'),
(68, 'admin--news.delete', NULL, NULL, NULL, 0, 1, '2022-07-18 10:36:50', '2022-07-18 10:36:50'),
(69, 'admin--tags', NULL, NULL, NULL, 0, 1, '2022-08-30 21:31:21', '2022-08-30 21:31:21'),
(70, 'admin--tags.new', NULL, NULL, NULL, 0, 1, '2022-08-30 21:31:21', '2022-08-30 21:31:21'),
(71, 'admin--tags.store', NULL, NULL, NULL, 0, 1, '2022-08-30 21:31:21', '2022-08-30 21:31:21'),
(72, 'admin--tags.edit', NULL, 69, NULL, 0, 1, '2022-08-30 21:31:21', '2022-08-30 21:31:21'),
(73, 'admin--tags.update', NULL, NULL, NULL, 0, 1, '2022-08-30 21:31:21', '2022-08-30 21:31:21'),
(74, 'admin--tags.delete', NULL, NULL, NULL, 0, 1, '2022-08-30 21:31:21', '2022-08-30 21:31:21'),
(75, 'admin--locations', NULL, NULL, NULL, 0, 1, '2022-08-30 21:31:41', '2022-08-30 21:31:41'),
(76, 'admin--locations.new', NULL, NULL, NULL, 0, 1, '2022-08-30 21:31:41', '2022-08-30 21:31:41'),
(77, 'admin--locations.store', NULL, NULL, NULL, 0, 1, '2022-08-30 21:31:41', '2022-08-30 21:31:41'),
(78, 'admin--locations.edit', NULL, 75, NULL, 0, 1, '2022-08-30 21:31:41', '2022-08-30 21:31:41'),
(79, 'admin--locations.update', NULL, NULL, NULL, 0, 1, '2022-08-30 21:31:41', '2022-08-30 21:31:41'),
(80, 'admin--locations.delete', NULL, NULL, NULL, 0, 1, '2022-08-30 21:31:41', '2022-08-30 21:31:41'),
(81, 'admin--location-categories', NULL, NULL, NULL, 0, 1, '2022-08-30 21:32:04', '2022-08-30 21:32:04'),
(82, 'admin--location-categories.new', NULL, NULL, NULL, 0, 1, '2022-08-30 21:32:04', '2022-08-30 21:32:04'),
(83, 'admin--location-categories.store', NULL, NULL, NULL, 0, 1, '2022-08-30 21:32:04', '2022-08-30 21:32:04'),
(84, 'admin--location-categories.edit', NULL, 81, NULL, 0, 1, '2022-08-30 21:32:04', '2022-08-30 21:32:04'),
(85, 'admin--location-categories.update', NULL, NULL, NULL, 0, 1, '2022-08-30 21:32:04', '2022-08-30 21:32:04'),
(86, 'admin--location-categories.delete', NULL, NULL, NULL, 0, 1, '2022-08-30 21:32:04', '2022-08-30 21:32:04'),
(87, 'admin--reports', NULL, NULL, NULL, 0, 1, '2022-09-01 23:38:45', '2022-09-01 23:38:45'),
(88, 'admin--reports.new', NULL, NULL, NULL, 0, 1, '2022-09-01 23:38:45', '2022-09-01 23:38:45'),
(89, 'admin--reports.store', NULL, NULL, NULL, 0, 1, '2022-09-01 23:38:45', '2022-09-01 23:38:45'),
(90, 'admin--reports.edit', NULL, 87, NULL, 0, 1, '2022-09-01 23:38:45', '2022-09-01 23:38:45'),
(91, 'admin--reports.update', NULL, NULL, NULL, 0, 1, '2022-09-01 23:38:45', '2022-09-01 23:38:45'),
(92, 'admin--reports.delete', NULL, NULL, NULL, 0, 1, '2022-09-01 23:38:45', '2022-09-01 23:38:45'),
(93, 'admin--contacts', NULL, NULL, NULL, 0, 1, '2022-09-01 23:39:02', '2022-09-01 23:39:02'),
(94, 'admin--contacts.new', NULL, NULL, NULL, 0, 1, '2022-09-01 23:39:02', '2022-09-01 23:39:02'),
(95, 'admin--contacts.store', NULL, NULL, NULL, 0, 1, '2022-09-01 23:39:02', '2022-09-01 23:39:02'),
(96, 'admin--contacts.edit', NULL, 93, NULL, 0, 1, '2022-09-01 23:39:02', '2022-09-01 23:39:02'),
(97, 'admin--contacts.update', NULL, NULL, NULL, 0, 1, '2022-09-01 23:39:02', '2022-09-01 23:39:02'),
(98, 'admin--contacts.delete', NULL, NULL, NULL, 0, 1, '2022-09-01 23:39:02', '2022-09-01 23:39:02'),
(99, 'admin--report-items', NULL, NULL, NULL, 0, 1, '2022-09-01 23:39:23', '2022-09-01 23:39:23'),
(100, 'admin--report-items.new', NULL, NULL, NULL, 0, 1, '2022-09-01 23:39:23', '2022-09-01 23:39:23'),
(101, 'admin--report-items.store', NULL, NULL, NULL, 0, 1, '2022-09-01 23:39:23', '2022-09-01 23:39:23'),
(102, 'admin--report-items.edit', NULL, 99, NULL, 0, 1, '2022-09-01 23:39:23', '2022-09-01 23:39:23'),
(103, 'admin--report-items.update', NULL, NULL, NULL, 0, 1, '2022-09-01 23:39:23', '2022-09-01 23:39:23'),
(104, 'admin--report-items.delete', NULL, NULL, NULL, 0, 1, '2022-09-01 23:39:23', '2022-09-01 23:39:23'),
(105, 'reports', '', NULL, NULL, 0, 1, '2022-09-01 23:40:44', '2023-04-08 17:55:55'),
(106, 'admin--sms-outbounds', '', NULL, NULL, 0, 1, '2022-09-01 23:42:30', '2022-09-01 23:42:30'),
(107, 'admin--sms-outbounds.new', '', NULL, NULL, 0, 1, '2022-09-01 23:42:38', '2022-09-01 23:42:38'),
(108, 'admin--sms-outbounds.store', '', NULL, NULL, 0, 1, '2022-09-01 23:42:48', '2022-09-01 23:42:48'),
(109, 'map', '', NULL, NULL, 0, 1, '2022-09-02 21:17:56', '2023-04-08 17:55:33'),
(110, 'admin--print', '', NULL, NULL, 0, 1, '2023-05-31 10:12:53', '2023-05-31 10:12:53'),
(111, 'admin--reports.upload', '', NULL, NULL, 0, 1, '2023-05-31 17:02:58', '2023-05-31 17:02:58');

-- --------------------------------------------------------

--
-- Table structure for table `app_sessions`
--

CREATE TABLE `app_sessions` (
  `id` varchar(128) NOT NULL,
  `ip_address` varchar(45) NOT NULL,
  `timestamp` int(10) UNSIGNED NOT NULL DEFAULT 0,
  `data` blob NOT NULL,
  `created_at` datetime DEFAULT current_timestamp(),
  `updated_at` datetime DEFAULT current_timestamp(),
  `user_id` int(11) DEFAULT NULL
) ENGINE=InnoDB DEFAULT CHARSET=utf8 COLLATE=utf8_unicode_ci ROW_FORMAT=DYNAMIC;

--
-- Dumping data for table `app_sessions`
--

INSERT INTO `app_sessions` (`id`, `ip_address`, `timestamp`, `data`, `created_at`, `updated_at`, `user_id`) VALUES
('d9864a9defaceb420dcc6b9c85bf5b290387828b', '136.158.82.81', 1688558814, 0x5f5f63695f6c6173745f726567656e65726174657c693a313638383535383831343b, '2023-07-05 12:00:36', '2023-07-05 12:00:36', NULL),
('c1970e322fa3a912d7ac5b6f26c1859f77250e13', '136.158.82.81', 1688559322, 0x5f5f63695f6c6173745f726567656e65726174657c693a313638383535393332323b6572726f725f6d6573736167657c733a32393a22496e76616c696420757365726e616d65206f722070617373776f726421223b5f5f63695f766172737c613a313a7b733a31333a226572726f725f6d657373616765223b733a333a226f6c64223b7d, '2023-07-05 12:06:54', '2023-07-05 12:06:54', NULL),
('4de02d2aea66709000014949e5b7f8dca26a25cf', '136.158.82.81', 1688559663, 0x5f5f63695f6c6173745f726567656e65726174657c693a313638383535393636333b5f5f6c6f67696e7c623a313b5f5f6c6f67696e5f69647c693a31323b, '2023-07-05 12:15:22', '2023-07-05 20:15:23', 12),
('d9fdd1739957f80e62a6fff18d91f7e61fa4147a', '136.158.82.81', 1688559995, 0x5f5f63695f6c6173745f726567656e65726174657c693a313638383535393939353b5f5f6c6f67696e7c623a313b5f5f6c6f67696e5f69647c693a31323b, '2023-07-05 12:21:03', '2023-07-05 12:21:03', NULL),
('3cac15b17bb26aa9f9c3e8ba5b275c28ffa38082', '136.158.82.81', 1688560338, 0x5f5f63695f6c6173745f726567656e65726174657c693a313638383536303333383b5f5f6c6f67696e7c623a313b5f5f6c6f67696e5f69647c693a31323b, '2023-07-05 12:26:36', '2023-07-05 20:28:49', 12),
('e59f369c1d8e3d2487d40174da939d9f0f2f235c', '136.158.82.81', 1688561021, 0x5f5f63695f6c6173745f726567656e65726174657c693a313638383536313032313b5f5f6c6f67696e7c623a313b5f5f6c6f67696e5f69647c693a31323b, '2023-07-05 12:32:18', '2023-07-05 12:32:18', NULL),
('c4132a51594e1f32c3f627f528c0fedfec779141', '136.158.82.81', 1688561324, 0x5f5f63695f6c6173745f726567656e65726174657c693a313638383536313332343b5f5f6c6f67696e7c623a313b5f5f6c6f67696e5f69647c693a31323b, '2023-07-05 12:43:41', '2023-07-05 20:48:20', 12),
('8a1c9f8bf7970fc92334dc4ad7ec0ba70179c807', '136.158.82.81', 1688561682, 0x5f5f63695f6c6173745f726567656e65726174657c693a313638383536313638323b5f5f6c6f67696e7c623a313b5f5f6c6f67696e5f69647c693a31323b, '2023-07-05 12:48:44', '2023-07-05 20:48:54', 12),
('3741816a7a7d7d866a60804d7a892818d06e19dd', '136.158.82.81', 1688561836, 0x5f5f63695f6c6173745f726567656e65726174657c693a313638383536313638323b5f5f6c6f67696e7c623a313b5f5f6c6f67696e5f69647c693a31323b, '2023-07-05 12:54:42', '2023-07-05 20:57:16', 12);

-- --------------------------------------------------------

--
-- Table structure for table `app_sidebar_menus`
--

CREATE TABLE `app_sidebar_menus` (
  `id` int(11) NOT NULL,
  `parent_id` int(11) DEFAULT NULL,
  `name` varchar(150) NOT NULL,
  `display_name` varchar(150) DEFAULT NULL,
  `description` text DEFAULT NULL,
  `route_id` int(11) DEFAULT NULL,
  `icon` varchar(150) DEFAULT NULL,
  `order` int(11) DEFAULT NULL,
  `active` tinyint(1) DEFAULT 1,
  `created_at` datetime DEFAULT current_timestamp(),
  `updated_at` datetime DEFAULT current_timestamp()
) ENGINE=InnoDB DEFAULT CHARSET=utf8 COLLATE=utf8_unicode_ci ROW_FORMAT=DYNAMIC;

--
-- Dumping data for table `app_sidebar_menus`
--

INSERT INTO `app_sidebar_menus` (`id`, `parent_id`, `name`, `display_name`, `description`, `route_id`, `icon`, `order`, `active`, `created_at`, `updated_at`) VALUES
(1, NULL, 'System', 'System Settings', NULL, NULL, NULL, 2, 1, '2021-11-07 20:42:30', '2021-11-15 21:18:02'),
(2, NULL, 'Main', 'Main', NULL, NULL, NULL, 1, 1, '2021-11-07 20:42:30', '2021-11-15 21:18:02'),
(3, 1, 'Users', 'Users', NULL, NULL, 'icon-users4', 1, 1, '2021-11-07 20:42:30', '2021-11-07 21:42:00'),
(4, 3, 'All User', 'All', NULL, 18, NULL, 1, 1, '2021-11-07 20:42:30', '2021-11-07 21:41:29'),
(5, 3, 'New User', 'New', NULL, 19, NULL, 2, 1, '2021-11-07 20:42:30', '2021-11-07 21:41:29'),
(6, 1, 'Roles', 'Roles', NULL, NULL, 'icon-user-check', 2, 1, '2021-11-07 20:42:30', '2021-11-07 21:42:00'),
(7, 6, 'All Role', 'All', NULL, 25, NULL, 1, 1, '2021-11-07 20:42:30', '2021-11-07 23:14:44'),
(8, 6, 'New Role', 'New', NULL, 26, NULL, 2, 1, '2021-11-07 20:42:30', '2021-11-07 23:14:44'),
(9, 1, 'Routes', 'Routes', NULL, NULL, 'icon-link2', 3, 1, '2021-11-07 20:42:30', '2021-11-07 21:41:29'),
(10, 9, 'All Route', 'All', NULL, 31, NULL, 1, 1, '2021-11-07 20:42:30', '2021-11-07 21:41:29'),
(11, 9, 'New Route', 'New', NULL, 32, NULL, 2, 1, '2021-11-07 20:42:30', '2021-11-07 21:41:29'),
(12, 1, 'Permissions', 'Permissions', NULL, NULL, 'icon-user-lock', 4, 1, '2021-11-07 20:42:30', '2021-11-07 21:41:29'),
(13, 12, 'All Permission', 'All', NULL, 37, NULL, 1, 1, '2021-11-07 20:42:30', '2021-11-07 21:41:29'),
(14, 12, 'New Permission', 'New', NULL, 38, NULL, 2, 1, '2021-11-07 20:42:30', '2021-11-07 21:41:29'),
(15, 1, 'Navbar Menu', 'Navbar Menu', NULL, NULL, 'icon-list', 5, 1, '2021-11-07 20:42:30', '2021-11-15 19:14:35'),
(16, 15, 'All Navbar Menu', 'All', NULL, 51, NULL, 1, 1, '2021-11-07 20:42:30', '2021-11-07 21:41:29'),
(17, 15, 'New Navbar Menu', 'New', NULL, 52, NULL, 2, 1, '2021-11-07 20:42:30', '2021-11-07 21:41:29'),
(18, 1, 'Sidebar Menu', 'Sidebar Menu', NULL, NULL, 'icon-indent-decrease2', 6, 1, '2021-11-07 20:42:30', '2021-11-07 21:41:29'),
(19, 18, 'All Sidebar Menu', 'All', NULL, 43, NULL, 1, 1, '2021-11-07 20:42:31', '2021-11-07 21:41:29'),
(20, 18, 'New Sidebar Menu', 'New', NULL, 44, NULL, 2, 1, '2021-11-07 20:42:31', '2021-11-07 21:41:29'),
(21, 18, 'Sort Sidebar Menu', 'Sort', NULL, 46, NULL, 3, 1, '2021-11-07 20:42:31', '2021-11-07 21:41:29'),
(41, 15, 'Sort Navbar Menu', 'Sort', NULL, 54, '', 3, 1, '2021-11-23 14:23:42', '2021-11-23 14:23:58'),
(42, 2, 'Admin News', 'News', NULL, NULL, 'icon-gradient', 1, 1, '2022-07-18 10:36:50', '2023-06-14 15:17:43'),
(43, 42, 'All News', 'All', NULL, 63, NULL, 1, 1, '2022-07-18 10:36:50', '2022-09-01 23:40:20'),
(44, 42, 'New News', 'New', NULL, 64, NULL, 2, 1, '2022-07-18 10:36:50', '2023-06-14 15:17:05'),
(45, 2, 'Admin Tags', 'Tags', NULL, NULL, 'icon-list', 5, 1, '2022-08-30 21:31:21', '2023-06-14 15:17:43'),
(46, 45, 'All Tags', 'All', NULL, 69, NULL, 1, 1, '2022-08-30 21:31:21', '2022-09-01 23:40:20'),
(47, 45, 'New Tags', 'New', NULL, 70, NULL, 2, 1, '2022-08-30 21:31:21', '2022-09-01 23:40:20'),
(48, 2, 'Admin Locations', 'Locations', NULL, NULL, 'icon-list', 3, 1, '2022-08-30 21:31:41', '2023-06-14 15:17:43'),
(49, 48, 'All Locations', 'All', NULL, 75, NULL, 1, 1, '2022-08-30 21:31:41', '2022-09-01 23:40:20'),
(50, 48, 'New Locations', 'New', NULL, 76, NULL, 2, 1, '2022-08-30 21:31:41', '2022-09-01 23:40:20'),
(51, 2, 'Admin Location Categories', 'Location Categories', NULL, NULL, 'icon-list', 2, 1, '2022-08-30 21:32:04', '2023-06-14 15:17:43'),
(52, 51, 'All Location Categories', 'All', NULL, 81, '', 1, 1, '2022-08-30 21:32:04', '2022-09-01 23:40:20'),
(53, 51, 'New Location Category', 'New', NULL, 82, '', 2, 1, '2022-08-30 21:32:04', '2022-09-01 23:40:20'),
(54, 2, 'Admin Reports', 'Reports', NULL, NULL, 'icon-list', 4, 1, '2022-09-01 23:38:45', '2023-06-14 15:17:43'),
(55, 54, 'All Reports', 'All', NULL, 87, NULL, 1, 1, '2022-09-01 23:38:45', '2022-09-01 23:40:20'),
(56, 54, 'New Reports', 'New', NULL, 88, NULL, 2, 1, '2022-09-01 23:38:45', '2022-09-01 23:40:20'),
(57, 2, 'Admin Contacts', 'Contacts', NULL, NULL, 'icon-list', 6, 1, '2022-09-01 23:39:02', '2023-06-14 15:17:43'),
(58, 57, 'All Contacts', 'All', NULL, 93, NULL, 1, 1, '2022-09-01 23:39:02', '2022-09-01 23:40:20'),
(59, 57, 'New Contacts', 'New', NULL, 94, NULL, 2, 1, '2022-09-01 23:39:02', '2022-09-01 23:40:20'),
(60, 54, 'Admin Report Items', 'Items', NULL, NULL, 'icon-list', 3, 1, '2022-09-01 23:39:23', '2022-09-01 23:40:20'),
(61, 60, 'All Report Items', 'All', NULL, 99, '', 1, 1, '2022-09-01 23:39:23', '2022-09-01 23:40:20'),
(62, 60, 'New Report Item', 'New', NULL, 100, '', 2, 1, '2022-09-01 23:39:23', '2022-09-01 23:40:20');

-- --------------------------------------------------------

--
-- Table structure for table `app_users`
--

CREATE TABLE `app_users` (
  `id` int(11) NOT NULL,
  `username` varchar(150) DEFAULT NULL,
  `password` varchar(150) DEFAULT NULL,
  `active` tinyint(1) DEFAULT 1,
  `visible` tinyint(1) DEFAULT 1,
  `registered` tinyint(1) DEFAULT 0,
  `created_at` datetime DEFAULT current_timestamp(),
  `updated_at` datetime DEFAULT current_timestamp()
) ENGINE=InnoDB DEFAULT CHARSET=utf8 COLLATE=utf8_unicode_ci ROW_FORMAT=DYNAMIC;

--
-- Dumping data for table `app_users`
--

INSERT INTO `app_users` (`id`, `username`, `password`, `active`, `visible`, `registered`, `created_at`, `updated_at`) VALUES
(1, 'admin', '$2y$10$av047IfdhJfgq3t7NH5gH.yPst/k/iNPHDZsqgW9eTJqezhqR51Hm', 1, 0, 0, '2021-11-07 20:42:29', '2022-10-13 16:01:18'),
(2, 'staff', '$2y$10$9j7t.YDyLfRfKmz2ES.gEeAVQvMJZkQ4mjXPUOgLxRvnKeQFgNlxu', 1, 1, 0, '2022-07-18 12:21:30', '2022-07-18 12:21:30'),
(12, 'Amelita', '$2y$10$L68ql4Wl71kYKB4mxR/BCe8CNI7zK8rKtjDzVtbPoiuE9KeH/OkgW', 1, 1, 0, '2023-05-26 21:06:15', '2023-05-31 11:32:55'),
(13, 'AmelitaM', '$2y$10$jNw.7hVw7aPt1h3bYfLK.eEALfk7eGWkJ72Wr1rFwb3.FRy0ZOxXu', 1, 1, 0, '2023-05-26 21:12:20', '2023-05-27 00:16:58'),
(14, 'Jellyn', '$2y$10$yEoOrv1Wrd9tqLptieNi.uOkYYfQa3E6KSKznc.qqK7d9YLE0AX8.', 1, 1, 0, '2023-05-26 21:16:09', '2023-05-27 00:17:20'),
(15, 'Segundina', '$2y$10$9aoFOKmXqUxOAgQd6JHQwOx6vsQVG/voSI6PXuf8ZRml9rXqoYNDG', 1, 1, 0, '2023-05-26 21:21:48', '2023-05-26 21:21:48'),
(16, 'Marlito', '$2y$10$tZ//ukUOaeLDas5teg4FQuGhf1BqartpoF5X8ekBdTF3EhT8OSzo2', 1, 1, 0, '2023-05-27 00:18:11', '2023-05-27 00:18:11'),
(17, 'test', '$2y$10$x335mX4rmsdk6VnLPMktQeqr/7G9Ntgl9ap7YE9UfpUw4c21CmjdK', 1, 1, 0, '2023-06-14 08:18:17', '2023-06-14 08:18:17');

--
-- Triggers `app_users`
--
DELIMITER $$
CREATE TRIGGER `on_delete_user` AFTER DELETE ON `app_users` FOR EACH ROW BEGIN
DELETE FROM app_user_extensions WHERE user_id = old.id;
END
$$
DELIMITER ;

-- --------------------------------------------------------

--
-- Table structure for table `app_user_extensions`
--

CREATE TABLE `app_user_extensions` (
  `id` int(11) NOT NULL,
  `user_id` int(11) NOT NULL,
  `first_name` varchar(150) DEFAULT NULL,
  `middle_name` varchar(150) DEFAULT NULL,
  `last_name` varchar(150) DEFAULT NULL,
  `extension_name` varchar(50) DEFAULT NULL,
  `email` varchar(150) DEFAULT NULL,
  `img_filename` varchar(150) DEFAULT NULL,
  `verification_id` int(11) DEFAULT NULL,
  `active` tinyint(1) DEFAULT 1,
  `created_at` datetime DEFAULT current_timestamp(),
  `updated_at` datetime DEFAULT current_timestamp(),
  `mobile` varchar(150) DEFAULT NULL,
  `address` text DEFAULT NULL,
  `profile_description` text DEFAULT NULL
) ENGINE=InnoDB DEFAULT CHARSET=utf8 COLLATE=utf8_unicode_ci ROW_FORMAT=DYNAMIC;

--
-- Dumping data for table `app_user_extensions`
--

INSERT INTO `app_user_extensions` (`id`, `user_id`, `first_name`, `middle_name`, `last_name`, `extension_name`, `email`, `img_filename`, `verification_id`, `active`, `created_at`, `updated_at`, `mobile`, `address`, `profile_description`) VALUES
(1, 1, 'Prince', 'Ogao-ogao', 'Macalino', NULL, 'macalinoprinceallyson@gmail.com', NULL, NULL, 1, '2021-11-07 23:12:58', '2022-10-13 16:02:54', NULL, NULL, 'Assists the department head in carrying out digital marketing companies works closely with the marketing head for digital promotions and others.'),
(2, 2, 'Staff', NULL, 'Staff', NULL, NULL, NULL, NULL, 1, '2022-07-18 12:21:30', '2022-07-18 12:21:30', NULL, NULL, NULL),
(12, 12, 'Amelita', NULL, 'Herrera', NULL, NULL, NULL, NULL, 1, '2023-05-26 21:06:15', '2023-05-26 21:06:15', NULL, NULL, NULL),
(13, 13, 'Amelita', NULL, 'Malano', NULL, NULL, NULL, NULL, 1, '2023-05-26 21:12:20', '2023-05-26 21:12:20', NULL, NULL, NULL),
(14, 14, 'Jellyn', NULL, 'Ayos', NULL, NULL, NULL, NULL, 1, '2023-05-26 21:16:09', '2023-05-26 21:16:09', NULL, NULL, NULL),
(15, 15, 'Segundina', NULL, 'Ramos', NULL, NULL, NULL, NULL, 1, '2023-05-26 21:21:48', '2023-05-26 21:21:48', NULL, NULL, NULL),
(16, 16, 'Marlito', NULL, 'Penus', NULL, NULL, NULL, NULL, 1, '2023-05-27 00:18:11', '2023-05-27 00:18:11', NULL, NULL, NULL),
(17, 17, 'Test', NULL, 'Test', NULL, NULL, NULL, NULL, 1, '2023-06-14 08:18:17', '2023-06-14 08:18:17', NULL, NULL, NULL);

-- --------------------------------------------------------

--
-- Table structure for table `app_user_roles`
--

CREATE TABLE `app_user_roles` (
  `id` int(11) NOT NULL,
  `user_id` int(11) NOT NULL,
  `role_id` int(11) DEFAULT NULL,
  `active` tinyint(1) DEFAULT 1,
  `created_at` datetime DEFAULT current_timestamp(),
  `updated_at` datetime DEFAULT current_timestamp()
) ENGINE=InnoDB DEFAULT CHARSET=utf8 COLLATE=utf8_unicode_ci ROW_FORMAT=DYNAMIC;

--
-- Dumping data for table `app_user_roles`
--

INSERT INTO `app_user_roles` (`id`, `user_id`, `role_id`, `active`, `created_at`, `updated_at`) VALUES
(1, 1, 1, 1, '2021-11-07 20:42:29', '2021-11-07 20:42:29'),
(7, 12, 9, 1, '2023-05-26 21:06:26', '2023-05-26 21:06:26'),
(8, 13, 9, 1, '2023-05-26 21:12:39', '2023-05-26 21:12:39'),
(9, 15, 11, 1, '2023-05-26 21:22:03', '2023-05-26 21:22:03'),
(10, 16, 12, 1, '2023-05-27 00:19:51', '2023-05-27 00:19:51'),
(12, 17, 13, 1, '2023-06-14 08:21:04', '2023-06-14 08:21:04');

-- --------------------------------------------------------

--
-- Table structure for table `app_verifications`
--

CREATE TABLE `app_verifications` (
  `id` int(11) NOT NULL,
  `type` varchar(50) DEFAULT NULL,
  `code` varchar(50) DEFAULT NULL,
  `expiration_at` datetime DEFAULT NULL,
  `verified_at` datetime DEFAULT NULL,
  `active` tinyint(1) DEFAULT 1,
  `created_at` datetime DEFAULT current_timestamp(),
  `updated_at` datetime DEFAULT current_timestamp()
) ENGINE=InnoDB DEFAULT CHARSET=utf8 COLLATE=utf8_unicode_ci ROW_FORMAT=DYNAMIC;

-- --------------------------------------------------------

--
-- Table structure for table `tbl_contacts`
--

CREATE TABLE `tbl_contacts` (
  `id` int(11) NOT NULL,
  `first_name` varchar(150) DEFAULT NULL,
  `last_name` varchar(150) DEFAULT NULL,
  `mobile` varchar(100) DEFAULT NULL,
  `active` tinyint(1) DEFAULT 1,
  `created_at` datetime DEFAULT NULL,
  `updated_at` datetime DEFAULT NULL
) ENGINE=InnoDB DEFAULT CHARSET=utf8 COLLATE=utf8_unicode_ci ROW_FORMAT=DYNAMIC;

--
-- Dumping data for table `tbl_contacts`
--

INSERT INTO `tbl_contacts` (`id`, `first_name`, `last_name`, `mobile`, `active`, `created_at`, `updated_at`) VALUES
(5, 'Prince', 'A', '09051462480', 1, '2022-10-06 12:46:59', '2022-10-06 12:46:59'),
(6, 'Lou', 'Rubia', '09273332819', 1, '2022-10-13 08:36:17', '2022-10-13 08:36:17'),
(7, 'Dennis', 'Jacob', '09263013365', 1, '2022-10-13 16:17:27', '2022-10-13 16:17:27'),
(8, 'Joy', 'Peji', '09066757878', 1, '2022-11-07 14:56:20', '2022-11-07 14:56:20'),
(9, 'Graciana', 'Del Mundo', '09991610872', 1, '2023-01-03 22:22:31', '2023-01-03 22:22:31'),
(10, 'Arlene', 'Penus', '09061582069', 1, '2023-01-03 22:23:39', '2023-01-03 22:23:39'),
(11, 'Emerson', 'Creus', '09367866309', 1, '2023-01-03 22:24:22', '2023-01-03 22:24:22'),
(12, 'Narciso', 'Panganiban', '09069769762', 1, '2023-01-03 22:24:50', '2023-01-03 22:24:50'),
(13, 'Romeo', 'Caniya', '09754205690', 1, '2023-01-03 22:25:41', '2023-01-03 22:25:41'),
(14, 'Romy', 'Espineli', '09366279754', 1, '2023-01-03 22:26:04', '2023-01-03 22:26:04'),
(15, 'Edmar', 'Pareo', '09653672524', 1, '2023-01-03 22:27:13', '2023-01-03 22:27:13'),
(16, 'Jellyn', 'Ayos', '09975215860', 1, '2023-01-03 22:27:34', '2023-01-03 22:27:34'),
(17, 'Amelita', 'Herrera', '09159562827', 1, '2023-01-03 22:27:57', '2023-01-03 22:27:57'),
(18, 'Amelita', 'Malano', '09958919904', 1, '2023-01-03 22:28:30', '2023-01-03 22:28:30'),
(19, 'Tessie', 'Abaya', '09491101209', 1, '2023-01-03 22:32:05', '2023-01-03 22:32:05'),
(20, 'Mylin', 'Aboy', '09360549282', 1, '2023-01-03 22:32:26', '2023-01-03 22:32:26'),
(21, 'Michael', 'Agcaoili', '09465725704', 1, '2023-01-03 22:33:01', '2023-01-03 22:33:01'),
(22, 'Quenne Ann', 'Aligarbes', '09366978238', 1, '2023-01-03 22:34:03', '2023-01-03 22:34:03'),
(23, 'Arnold', 'Alumno', '09554901952', 1, '2023-01-03 22:34:32', '2023-01-03 22:34:32'),
(24, 'Erwin', 'Alumno', '09559426333', 1, '2023-01-03 22:34:57', '2023-01-03 22:34:57'),
(25, 'Melchor', 'Anam', '09366905545', 1, '2023-01-03 22:35:51', '2023-01-03 22:35:51'),
(26, 'Rosemalyn', 'Angeles', '09381284143', 1, '2023-01-03 22:36:17', '2023-01-03 22:36:17'),
(27, 'Leonora', 'Anciro', '09518547143', 1, '2023-01-03 22:37:04', '2023-01-03 22:37:04'),
(28, 'Maribel', 'Asuero', '09292160278', 1, '2023-01-03 22:37:44', '2023-01-03 22:37:44'),
(29, 'Avelina', 'Almilla', '09970658012', 1, '2023-01-03 22:38:12', '2023-01-03 22:38:12'),
(30, 'Kendrick', 'Amon', '09973222505', 1, '2023-01-03 22:38:38', '2023-01-03 22:38:38'),
(31, 'Enrique', 'Angeles', '09650610391', 1, '2023-01-03 22:39:07', '2023-01-03 22:39:07'),
(32, 'Danny', 'Anghag', '09665320907', 1, '2023-01-03 22:39:42', '2023-01-03 22:39:42'),
(33, 'Daisy', 'Anghag', '09552733734', 1, '2023-01-03 22:40:12', '2023-01-03 22:40:12'),
(34, 'Hennesie Joy', 'Aquino', '09063454594', 1, '2023-01-03 22:41:00', '2023-01-03 22:41:00'),
(35, 'Ma. Laarni', 'Asas', '09359239951', 1, '2023-01-03 22:41:28', '2023-01-03 22:41:28'),
(36, 'Mischa Paullyn', 'Asas', '09167797813', 1, '2023-01-03 22:42:11', '2023-01-03 22:42:11'),
(37, 'Madilyn', 'Asas', '09506614431', 1, '2023-01-03 22:42:30', '2023-01-03 22:42:30'),
(38, 'Manuel', 'Asas', '09354163396', 1, '2023-01-03 22:42:49', '2023-01-03 22:42:49'),
(39, 'Julie Anne', 'Acosta', '09300924638', 1, '2023-01-03 22:45:02', '2023-01-03 22:45:02'),
(40, 'Raven', 'Alano', '09156564698', 1, '2023-01-03 22:46:57', '2023-01-03 22:46:57'),
(41, 'Mary Anne', 'Albarado', '09555141560', 1, '2023-01-03 22:47:24', '2023-01-03 22:47:24'),
(42, 'Mennjo', 'Alberto', '09182454652', 1, '2023-01-03 22:47:47', '2023-01-03 22:47:47'),
(43, 'Raquel', 'Alberto', '09455330844', 1, '2023-01-03 22:48:41', '2023-01-03 22:48:41'),
(44, 'Vicente', 'Alday', '09532304570', 1, '2023-01-03 22:49:14', '2023-01-03 22:49:14'),
(45, 'Ivy', 'Altares', '09070791696', 1, '2023-01-03 22:49:33', '2023-01-03 22:49:33'),
(46, 'Normita', 'Alvarez', '09552837968', 1, '2023-01-03 22:49:54', '2023-01-03 22:49:54'),
(47, 'Maristela', 'Arabiis', '09164475536', 1, '2023-01-03 22:50:39', '2023-01-03 22:50:39'),
(48, 'Ma-anne', 'Arepal', '09675041700', 1, '2023-01-03 22:51:16', '2023-01-03 22:51:16'),
(49, 'Jocelyn', 'Alarcos', '09674123493', 1, '2023-01-03 22:53:13', '2023-01-03 22:53:13'),
(50, 'Rolando', 'Angus', '09338519305', 1, '2023-01-03 22:53:45', '2023-01-03 22:53:45'),
(51, 'Norma', 'Alacaros', '09502440439', 1, '2023-01-03 22:54:20', '2023-01-03 22:54:20'),
(52, 'Erlinda', 'Alcantara', '09078384635', 1, '2023-01-03 22:54:49', '2023-01-03 22:54:49'),
(53, 'Irene', 'Amoroso', '09369166784', 1, '2023-01-03 22:55:07', '2023-01-03 22:55:07'),
(54, 'Angelito', 'Animay', '09751229565', 1, '2023-01-03 22:55:53', '2023-01-03 22:55:53'),
(55, 'Kimberly', 'Baluyot', '09953068009', 1, '2023-01-03 22:56:40', '2023-01-03 22:56:40'),
(56, 'Anselmo', 'Ayos', '09994367035', 1, '2023-01-03 22:57:05', '2023-01-03 22:57:05'),
(57, 'Leonilo', 'Ayos', '09264534637', 1, '2023-01-03 22:57:33', '2023-01-03 22:57:33'),
(58, 'Gerlyn', 'Barredo', '09513307245', 1, '2023-01-03 22:58:30', '2023-01-03 22:58:30'),
(59, 'Michael', 'Abante', '09997945289', 1, '2023-01-03 23:00:44', '2023-01-03 23:00:44'),
(60, 'Mario', 'Rivera', '09162524816', 1, '2023-01-03 23:01:10', '2023-01-03 23:01:10'),
(61, 'Gerard', 'Acuzar', '09774648786', 1, '2023-01-03 23:01:33', '2023-01-03 23:01:33'),
(62, 'Paulyn', 'Alcoba', '09269082794', 1, '2023-01-03 23:01:59', '2023-01-03 23:01:59'),
(63, 'Irma', 'Alodoga', '09284095635', 1, '2023-01-03 23:02:26', '2023-01-03 23:02:26'),
(64, 'Danica Anne', 'Ambat', '09359344110', 1, '2023-01-03 23:02:53', '2023-01-03 23:02:53'),
(65, 'Mary Grace', 'Anuat', '09619577039', 1, '2023-01-03 23:05:13', '2023-01-03 23:05:13'),
(66, 'Marilou', 'Arahan', '09276956608', 1, '2023-01-03 23:05:54', '2023-01-03 23:05:54'),
(67, 'Mary Ann', 'Arahan', '09677797955', 1, '2023-01-03 23:06:21', '2023-01-03 23:06:21'),
(68, 'Annaliza', 'Atendido', '09264936480', 1, '2023-01-03 23:06:49', '2023-01-03 23:06:49'),
(69, 'Anthony', 'Abling', '09568333621', 1, '2023-01-03 23:07:31', '2023-01-03 23:07:31'),
(70, 'Carmelita', 'Abejero', '09368971146', 1, '2023-01-03 23:07:51', '2023-01-03 23:07:51'),
(71, 'Jelly Anne', 'Adonis', '09456354693', 1, '2023-01-03 23:08:15', '2023-01-03 23:08:15'),
(72, 'Judith', 'Agub', '09756357346', 1, '2023-01-03 23:08:33', '2023-01-03 23:08:33'),
(73, 'Jeanne', 'Agustin', '09262443177', 1, '2023-01-03 23:09:14', '2023-01-03 23:09:14'),
(74, 'Marlyn', 'Almacha', '09669066987', 1, '2023-01-03 23:10:25', '2023-01-03 23:10:25'),
(75, 'Marelyn', 'Amoyan', '09519344253', 1, '2023-01-03 23:11:13', '2023-01-03 23:11:13'),
(76, 'Michael', 'Aniel', '09064359035', 1, '2023-01-03 23:11:35', '2023-01-03 23:11:35'),
(77, 'Ramon', 'Anson', '09162728397', 1, '2023-01-03 23:11:53', '2023-01-03 23:11:53'),
(78, 'Allan', 'Arahan', '09278036032', 1, '2023-01-03 23:12:23', '2023-01-03 23:12:23'),
(79, 'Test', 'Sms', '09287335868', 1, '2023-05-14 10:23:43', '2023-05-14 10:23:43'),
(80, 'Gladys', 'Perey', '09053823343', 1, '2023-05-15 11:05:46', '2023-05-15 11:05:46'),
(81, 'Rub', 'Lou', '09076844629', 1, '2023-06-02 23:33:50', '2023-06-02 23:33:50');

-- --------------------------------------------------------

--
-- Table structure for table `tbl_contact_tags`
--

CREATE TABLE `tbl_contact_tags` (
  `id` int(11) NOT NULL,
  `contact_id` int(11) DEFAULT NULL,
  `tag_id` int(11) DEFAULT NULL,
  `active` tinyint(1) DEFAULT 1,
  `created_at` datetime DEFAULT NULL,
  `updated_at` datetime DEFAULT NULL
) ENGINE=InnoDB DEFAULT CHARSET=utf8 COLLATE=utf8_unicode_ci ROW_FORMAT=DYNAMIC;

--
-- Dumping data for table `tbl_contact_tags`
--

INSERT INTO `tbl_contact_tags` (`id`, `contact_id`, `tag_id`, `active`, `created_at`, `updated_at`) VALUES
(10, 5, 6, 1, '2022-10-06 12:46:59', '2022-10-06 12:46:59'),
(12, 5, 3, 1, '2022-10-13 08:36:44', '2022-10-13 08:36:44'),
(13, 7, 6, 1, '2022-10-13 16:17:27', '2022-10-13 16:17:27'),
(15, 9, 16, 1, '2023-01-03 22:22:31', '2023-01-03 22:22:31'),
(16, 10, 16, 1, '2023-01-03 22:23:39', '2023-01-03 22:23:39'),
(17, 11, 16, 1, '2023-01-03 22:24:22', '2023-01-03 22:24:22'),
(18, 12, 16, 1, '2023-01-03 22:24:50', '2023-01-03 22:24:50'),
(19, 13, 16, 1, '2023-01-03 22:25:41', '2023-01-03 22:25:41'),
(20, 14, 16, 1, '2023-01-03 22:26:04', '2023-01-03 22:26:04'),
(21, 15, 16, 1, '2023-01-03 22:27:13', '2023-01-03 22:27:13'),
(22, 16, 16, 1, '2023-01-03 22:27:34', '2023-01-03 22:27:34'),
(23, 17, 16, 1, '2023-01-03 22:27:57', '2023-01-03 22:27:57'),
(24, 18, 16, 1, '2023-01-03 22:28:30', '2023-01-03 22:28:30'),
(25, 19, 9, 1, '2023-01-03 22:32:05', '2023-01-03 22:32:05'),
(26, 20, 9, 1, '2023-01-03 22:32:26', '2023-01-03 22:32:26'),
(27, 21, 9, 1, '2023-01-03 22:33:01', '2023-01-03 22:33:01'),
(28, 22, 9, 1, '2023-01-03 22:34:03', '2023-01-03 22:34:03'),
(29, 23, 9, 1, '2023-01-03 22:34:32', '2023-01-03 22:34:32'),
(30, 24, 9, 1, '2023-01-03 22:34:57', '2023-01-03 22:34:57'),
(31, 25, 9, 1, '2023-01-03 22:35:51', '2023-01-03 22:35:51'),
(32, 26, 9, 1, '2023-01-03 22:36:17', '2023-01-03 22:36:17'),
(33, 27, 9, 1, '2023-01-03 22:37:04', '2023-01-03 22:37:04'),
(34, 28, 9, 1, '2023-01-03 22:37:44', '2023-01-03 22:37:44'),
(35, 29, 10, 1, '2023-01-03 22:38:12', '2023-01-03 22:38:12'),
(36, 30, 10, 1, '2023-01-03 22:38:38', '2023-01-03 22:38:38'),
(37, 31, 10, 1, '2023-01-03 22:39:07', '2023-01-03 22:39:07'),
(38, 32, 10, 1, '2023-01-03 22:39:42', '2023-01-03 22:39:42'),
(39, 33, 10, 1, '2023-01-03 22:40:12', '2023-01-03 22:40:12'),
(40, 34, 10, 1, '2023-01-03 22:41:00', '2023-01-03 22:41:00'),
(41, 35, 10, 1, '2023-01-03 22:41:28', '2023-01-03 22:41:28'),
(42, 36, 10, 1, '2023-01-03 22:42:11', '2023-01-03 22:42:11'),
(43, 37, 10, 1, '2023-01-03 22:42:30', '2023-01-03 22:42:30'),
(44, 38, 10, 1, '2023-01-03 22:42:49', '2023-01-03 22:42:49'),
(45, 39, 11, 1, '2023-01-03 22:45:02', '2023-01-03 22:45:02'),
(46, 40, 11, 1, '2023-01-03 22:46:57', '2023-01-03 22:46:57'),
(47, 41, 11, 1, '2023-01-03 22:47:24', '2023-01-03 22:47:24'),
(48, 42, 11, 1, '2023-01-03 22:47:47', '2023-01-03 22:47:47'),
(49, 43, 11, 1, '2023-01-03 22:48:41', '2023-01-03 22:48:41'),
(50, 44, 11, 1, '2023-01-03 22:49:14', '2023-01-03 22:49:14'),
(51, 45, 11, 1, '2023-01-03 22:49:33', '2023-01-03 22:49:33'),
(52, 46, 11, 1, '2023-01-03 22:49:54', '2023-01-03 22:49:54'),
(53, 47, 11, 1, '2023-01-03 22:50:39', '2023-01-03 22:50:39'),
(54, 48, 11, 1, '2023-01-03 22:51:16', '2023-01-03 22:51:16'),
(55, 49, 12, 1, '2023-01-03 22:53:13', '2023-01-03 22:53:13'),
(56, 50, 12, 1, '2023-01-03 22:53:45', '2023-01-03 22:53:45'),
(57, 51, 12, 1, '2023-01-03 22:54:20', '2023-01-03 22:54:20'),
(58, 52, 12, 1, '2023-01-03 22:54:49', '2023-01-03 22:54:49'),
(59, 53, 12, 1, '2023-01-03 22:55:07', '2023-01-03 22:55:07'),
(60, 54, 12, 1, '2023-01-03 22:55:53', '2023-01-03 22:55:53'),
(61, 55, 12, 1, '2023-01-03 22:56:40', '2023-01-03 22:56:40'),
(62, 56, 12, 1, '2023-01-03 22:57:05', '2023-01-03 22:57:05'),
(63, 57, 12, 1, '2023-01-03 22:57:33', '2023-01-03 22:57:33'),
(64, 58, 12, 1, '2023-01-03 22:58:30', '2023-01-03 22:58:30'),
(65, 59, 13, 1, '2023-01-03 23:00:44', '2023-01-03 23:00:44'),
(66, 60, 13, 1, '2023-01-03 23:01:10', '2023-01-03 23:01:10'),
(67, 61, 13, 1, '2023-01-03 23:01:33', '2023-01-03 23:01:33'),
(68, 62, 13, 1, '2023-01-03 23:01:59', '2023-01-03 23:01:59'),
(69, 63, 13, 1, '2023-01-03 23:02:26', '2023-01-03 23:02:26'),
(70, 64, 13, 1, '2023-01-03 23:02:53', '2023-01-03 23:02:53'),
(71, 65, 13, 1, '2023-01-03 23:05:13', '2023-01-03 23:05:13'),
(72, 66, 13, 1, '2023-01-03 23:05:54', '2023-01-03 23:05:54'),
(73, 67, 13, 1, '2023-01-03 23:06:21', '2023-01-03 23:06:21'),
(74, 68, 13, 1, '2023-01-03 23:06:49', '2023-01-03 23:06:49'),
(75, 69, 14, 1, '2023-01-03 23:07:31', '2023-01-03 23:07:31'),
(76, 70, 14, 1, '2023-01-03 23:07:51', '2023-01-03 23:07:51'),
(77, 71, 14, 1, '2023-01-03 23:08:15', '2023-01-03 23:08:15'),
(78, 72, 14, 1, '2023-01-03 23:08:33', '2023-01-03 23:08:33'),
(79, 73, 14, 1, '2023-01-03 23:09:14', '2023-01-03 23:09:14'),
(80, 74, 14, 1, '2023-01-03 23:10:25', '2023-01-03 23:10:25'),
(81, 75, 14, 1, '2023-01-03 23:11:13', '2023-01-03 23:11:13'),
(82, 76, 14, 1, '2023-01-03 23:11:35', '2023-01-03 23:11:35'),
(83, 77, 14, 1, '2023-01-03 23:11:53', '2023-01-03 23:11:53'),
(84, 78, 14, 1, '2023-01-03 23:12:23', '2023-01-03 23:12:23'),
(85, 8, 3, 1, '2023-05-14 00:44:46', '2023-05-14 00:44:46'),
(86, 79, 17, 1, '2023-05-14 10:23:44', '2023-05-14 10:23:44'),
(88, 80, 18, 1, '2023-05-15 11:07:42', '2023-05-15 11:07:42'),
(89, 6, 20, 1, '2023-06-02 23:33:07', '2023-06-02 23:33:07'),
(90, 81, 20, 1, '2023-06-02 23:33:50', '2023-06-02 23:33:50');

-- --------------------------------------------------------

--
-- Table structure for table `tbl_locations`
--

CREATE TABLE `tbl_locations` (
  `id` int(11) NOT NULL,
  `purok` varchar(50) DEFAULT NULL,
  `location_category_id` int(11) DEFAULT NULL,
  `location` text DEFAULT NULL,
  `description` text DEFAULT NULL,
  `road` text DEFAULT NULL,
  `latitude` varchar(100) DEFAULT NULL,
  `longitude` varchar(100) DEFAULT NULL,
  `active` tinyint(1) DEFAULT 1,
  `created_at` datetime DEFAULT NULL,
  `updated_at` datetime DEFAULT NULL
) ENGINE=InnoDB DEFAULT CHARSET=utf8 COLLATE=utf8_unicode_ci ROW_FORMAT=DYNAMIC;

--
-- Dumping data for table `tbl_locations`
--

INSERT INTO `tbl_locations` (`id`, `purok`, `location_category_id`, `location`, `description`, `road`, `latitude`, `longitude`, `active`, `created_at`, `updated_at`) VALUES
(8, NULL, 5, 'Joy Peji', 'sample', '[{\"lat\":14.203390247146022,\"lng\":120.89041113853455},{\"lat\":14.203400648010247,\"lng\":120.89037895202637},{\"lat\":14.208714901283944,\"lng\":120.88954942193503},{\"lat\":14.21052044160077,\"lng\":120.88916318383689},{\"lat\":14.21006281751882,\"lng\":120.88427083459372},{\"lat\":14.209688397126964,\"lng\":120.883240866332}]', '14.226888170725104', '120.88359707249144', 1, '2022-11-07 14:46:30', '2023-01-03 21:56:36'),
(9, NULL, 6, 'Barangay Hall', '', NULL, '14.203400648010247', '120.8904218673706', 1, '2023-01-03 21:58:14', '2023-01-04 13:18:30'),
(11, NULL, 5, 'Dennis', '', NULL, '14.216712406461804', '120.89349152758686', 1, '2023-01-04 12:22:35', '2023-01-04 12:22:35'),
(12, NULL, 5, 'Prince', '', NULL, '14.216063429823022', '120.89314820483295', 1, '2023-01-04 13:16:03', '2023-01-04 13:16:03'),
(13, NULL, 4, 'sari sari', '', NULL, '14.225531648366918', '120.88370682910053', 1, '2023-01-05 15:33:20', '2023-01-05 15:33:20'),
(14, NULL, 4, 'CITI TILE', '', NULL, '14.234524516367284', '120.87986828585986', 1, '2023-03-14 19:06:58', '2023-03-14 19:06:58'),
(15, NULL, 5, 'Mataas na lupa', '', NULL, '14.23115761628602', '120.88209458913903', 1, '2023-03-15 12:26:47', '2023-03-15 12:26:47'),
(16, NULL, 3, 'Nowhere', '', NULL, '14.229437877512751', '120.87774059370405', 1, '2023-03-20 14:39:59', '2023-03-20 14:39:59'),
(17, NULL, 4, 'iFuel', '', NULL, '14.223827022857272', '120.88540077209473', 1, '2023-03-27 23:26:41', '2023-03-27 23:26:41'),
(18, NULL, 5, 'Ryan\'s Home', '', NULL, '14.218554199470104', '120.89388728141785', 1, '2023-04-03 10:09:20', '2023-04-03 10:09:20'),
(19, NULL, 13, 'Iglesia Ni Cristo - Lokal ng Alulod - Cavite South', '', NULL, '14.212054001431593', '120.88853359222412', 1, '2023-05-10 10:53:04', '2023-05-10 10:53:04'),
(20, NULL, 14, 'Indang Christian Academy', '', NULL, '14.207810571387945', '120.889413356781', 1, '2023-05-10 10:54:31', '2023-05-10 10:54:31'),
(21, NULL, 15, 'Goto Prince Tapsihan and Sari-Sari Store', '', NULL, '14.225366206493153', '120.88471412658691', 1, '2023-05-10 10:55:12', '2023-05-10 10:55:12'),
(22, NULL, 16, 'Villa Feliciana Farm and Resort', '', NULL, '14.20672890002201', '120.89059352874756', 1, '2023-05-10 10:55:44', '2023-05-10 10:55:44'),
(23, NULL, 16, 'LouFil Orchard Resort', '', NULL, '14.227862157675006', '120.8831262588501', 1, '2023-05-10 10:56:28', '2023-05-10 10:56:28'),
(24, NULL, 7, 'Tessie Rivera Abaya', '', NULL, '14.20421736443475', '120.89004283678277', 1, '2023-05-11 19:32:29', '2023-05-11 19:32:29'),
(25, NULL, 7, 'Mylin Caniya Aboy', '', NULL, '14.204728104409176', '120.88957700969998', 1, '2023-05-11 19:33:37', '2023-05-11 19:33:37'),
(26, NULL, 7, 'Michael Ramos Agcaoili', '', NULL, '14.204837803956655', '120.8894073116676', 1, '2023-05-11 19:34:31', '2023-05-11 19:34:31'),
(27, NULL, 7, 'Oliver Vargas Aguilar', '', NULL, '14.204854689745458', '120.88977779746715', 1, '2023-05-11 19:35:13', '2023-05-11 19:35:13'),
(28, NULL, 7, 'Quenne Ann Arsenio Aligarbes', '', NULL, '14.204579280819361', '120.89015566637603', 1, '2023-05-11 19:36:21', '2023-05-11 19:36:21'),
(29, NULL, 7, 'Arnold Penus Alumno', '', NULL, '14.204632760686344', '120.89056212666254', 1, '2023-05-11 19:37:02', '2023-05-11 19:37:02'),
(30, NULL, 7, 'Lucito Penus Alumino', '', NULL, '14.204624108279347', '120.89049263527377', 1, '2023-05-11 19:37:49', '2023-05-11 19:37:49'),
(31, NULL, 7, 'Leah Mallano Alumno', '', NULL, '14.20463851632238', '120.89079065289444', 1, '2023-05-11 19:38:45', '2023-05-11 19:38:45'),
(32, NULL, 7, 'Erwin Penus Alumno', '', NULL, '14.204541803522458', '120.8907306050756', 1, '2023-05-11 19:47:27', '2023-05-11 19:47:45'),
(33, NULL, 8, 'Avelina Genio Almilla', '', NULL, '14.205782700062038', '120.88969517996883', 1, '2023-05-11 20:00:43', '2023-05-11 20:00:43'),
(34, NULL, 8, 'Ruth Atienza Amado', '', NULL, '14.205076752225915', '120.88987574097129', 1, '2023-05-11 20:02:04', '2023-05-11 20:02:04'),
(35, NULL, 8, 'Kendrick Ayos Amon', '', NULL, '14.204935126073094', '120.89007515442412', 1, '2023-05-11 20:02:43', '2023-05-11 20:02:43'),
(36, NULL, 8, 'Enrique Ferrer Angeles', '', NULL, '14.205372296611635', '120.88997447477595', 1, '2023-05-11 20:03:54', '2023-05-11 20:03:54'),
(37, NULL, 8, 'Danny Getubig Anghag', '', NULL, '14.20536139709735', '120.88982918904426', 1, '2023-05-11 20:04:38', '2023-05-11 20:04:38'),
(38, NULL, 8, 'Daisy Guanzon Anghag', '', NULL, '14.205628550840936', '120.88992518420145', 1, '2023-05-11 20:06:37', '2023-05-11 20:06:37'),
(39, NULL, 8, 'Dave Guanzon Anghag', '', NULL, '14.205665750103838', '120.89018204238126', 1, '2023-05-11 20:07:26', '2023-05-11 20:07:26'),
(40, NULL, 8, 'Ador Rivera Aquino', '', NULL, '14.205844277039542', '120.88985999646852', 1, '2023-05-11 20:08:12', '2023-05-11 20:08:12'),
(41, NULL, 8, 'Ma. Laarini Alcantara Asas', '', NULL, '14.20590588648505', '120.8900331550984', 1, '2023-05-11 20:09:01', '2023-05-11 20:09:01'),
(42, NULL, 8, 'Mark Paulo Balosis Asas', '', NULL, '14.20603114152126', '120.88995610165381', 1, '2023-05-11 20:09:49', '2023-05-11 20:09:49'),
(43, NULL, 9, 'Julie Anne Masaga Acosta', '', NULL, '14.206530017106118', '120.88980042620352', 1, '2023-05-11 20:11:14', '2023-05-11 20:11:14'),
(44, NULL, 9, 'Manuel Romea Agluban', '', NULL, '14.206818502667199', '120.88976738687792', 1, '2023-05-11 20:11:54', '2023-05-11 20:11:54'),
(45, NULL, 9, 'Angeline Capalungan Alegre', '', NULL, '14.206560650586843', '120.89000098001303', 1, '2023-05-11 20:12:37', '2023-05-11 20:12:37'),
(46, NULL, 9, 'Raven Alano', '', NULL, '14.206512123019765', '120.89012731115174', 1, '2023-05-11 20:13:05', '2023-05-11 20:13:05'),
(47, NULL, 9, 'Mary Ann Penus Albarado', '', NULL, '14.206596442917716', '120.89024550701892', 1, '2023-05-11 20:13:40', '2023-05-11 20:13:40'),
(48, NULL, 9, 'Mennjo Pena Alberto', '', NULL, '14.206640866476759', '120.89070974980633', 1, '2023-05-11 20:14:15', '2023-05-11 20:14:15'),
(49, NULL, 9, 'Raquel Zerquiel Alberto', '', NULL, '14.206896895147164', '120.89124161348958', 1, '2023-05-11 20:15:18', '2023-05-11 20:15:18'),
(50, NULL, 9, 'Vicente Caringal Alday Jr.', '', NULL, '14.207244214265774', '120.88972884233576', 1, '2023-05-11 20:16:02', '2023-05-11 20:16:02'),
(51, NULL, 9, 'Ivy Orio Altares', '', NULL, '14.207883848200062', '120.88940294516667', 1, '2023-05-11 20:17:18', '2023-05-11 20:17:18'),
(52, NULL, 9, 'Normita Penaflor Alvarez', '', NULL, '14.208295817786988', '120.8899168516496', 1, '2023-05-11 20:17:57', '2023-05-11 20:17:57'),
(53, NULL, 10, 'Jocelyn Nota Alarcos', '', NULL, '14.208793164082746', '120.88940232402993', 1, '2023-05-11 20:18:58', '2023-05-11 20:18:58'),
(54, NULL, 10, 'Olive Bulugagao Andes', '', NULL, '14.208738365089564', '120.88895901374701', 1, '2023-05-11 20:19:39', '2023-05-11 20:19:39'),
(55, NULL, 10, 'Rolando Maglonzo Angus', '', NULL, '14.208542494006341', '120.88818294558172', 1, '2023-05-11 20:20:37', '2023-05-11 20:20:37'),
(56, NULL, 10, 'William Besin Asas', '', NULL, '14.209202171696386', '120.8892870311098', 1, '2023-05-11 20:22:51', '2023-05-11 20:22:51'),
(57, NULL, 10, 'Elisabeth Pellos Aguirre', '', NULL, '14.209513935338439', '120.8897875417327', 1, '2023-05-11 20:23:36', '2023-05-11 20:23:36'),
(58, NULL, 10, 'Jocelyn Nota Alarcos', '', NULL, '14.210167257192658', '120.89005684075251', 1, '2023-05-11 20:24:24', '2023-05-11 20:24:24'),
(59, NULL, 10, 'Norma Pellos Alarcos', '', NULL, '14.210196416406799', '120.88912314226302', 1, '2023-05-11 20:24:57', '2023-05-11 20:24:57'),
(60, NULL, 10, 'Erlinda Luna Alcantara', '', NULL, '14.210898738143902', '120.88907047774484', 1, '2023-05-11 20:26:18', '2023-05-11 20:26:18'),
(61, NULL, 10, 'Irene Mendoza Amoroso', '', NULL, '14.211244520787561', '120.88934503088738', 1, '2023-05-11 20:26:56', '2023-05-11 20:26:56'),
(62, NULL, 10, 'Angelito Bolante Animay', '', NULL, '14.210724618764198', '120.88913622294429', 1, '2023-05-11 20:27:47', '2023-05-11 20:27:47'),
(63, NULL, 11, 'Michael Peliminiano Abante', '', NULL, '14.211647639127111', '120.8886882684808', 1, '2023-05-11 20:28:46', '2023-05-11 20:28:46'),
(64, NULL, 11, 'Mario Rivera Abaya Jr', '', NULL, '14.212223992847019', '120.8887724317952', 1, '2023-05-11 20:29:22', '2023-05-11 20:29:22'),
(65, NULL, 11, 'Gerard Tuano Acuzar', '', NULL, '14.212444936883985', '120.88913424488852', 1, '2023-05-11 20:30:00', '2023-05-11 20:30:00'),
(66, NULL, 11, 'Rosalita Villa Alano', '', NULL, '14.212487317283642', '120.8894518685346', 1, '2023-05-11 20:30:39', '2023-05-11 20:30:39'),
(67, NULL, 11, 'Paulyn Del Rosario Alcoba', '', NULL, '14.212177682594579', '120.88929782426416', 1, '2023-05-11 20:31:27', '2023-05-11 20:31:27'),
(68, NULL, 11, 'Irma Golez Alodoga', '', NULL, '14.212712625027535', '120.88876441760341', 1, '2023-05-11 20:32:25', '2023-05-11 20:32:25'),
(69, NULL, 11, 'Danica Anne Villa Ambat', '', NULL, '14.212975347206973', '120.88819491617544', 1, '2023-05-11 20:33:30', '2023-05-11 20:33:30'),
(70, NULL, 11, 'Mary Grace Gahol Anuat', '', NULL, '14.213124603152774', '120.88880206499046', 1, '2023-05-11 20:37:30', '2023-05-11 20:37:30'),
(71, NULL, 11, 'Allan M Arahan', '', NULL, '14.213219805665913', '120.88800551756435', 1, '2023-05-11 20:38:37', '2023-05-11 20:38:37'),
(72, NULL, 11, 'Marilou Gonzales Arahan', '', NULL, '14.213509488155402', '120.88785992104532', 1, '2023-05-11 20:39:35', '2023-05-11 20:39:35'),
(73, NULL, 12, 'Anthony Sotta Abling', '', NULL, '14.217013738487282', '120.88789971847699', 1, '2023-05-11 20:50:22', '2023-05-11 20:50:22'),
(74, NULL, 12, 'Carmelita Crooc Abejero', '', NULL, '14.22058219164191', '120.88781394845014', 1, '2023-05-11 20:50:56', '2023-05-11 20:50:56'),
(75, NULL, 12, 'Jelly Anne Galias Adonis', '', NULL, '14.22125048778442', '120.88699519765527', 1, '2023-05-11 20:51:33', '2023-05-11 20:51:33'),
(76, NULL, 12, 'Judith Alemana Agub', '', NULL, '14.222253009613171', '120.88748286944322', 1, '2023-05-11 20:52:16', '2023-05-11 20:52:16'),
(77, NULL, 12, 'Haide Ann Olivar Agapito', '', NULL, '14.220793745919446', '120.88595366125713', 1, '2023-05-11 20:53:03', '2023-05-11 20:53:03'),
(78, NULL, 12, 'Jeanne Creus Agustin', '', NULL, '14.221021383313438', '120.88563250344015', 1, '2023-05-11 20:53:39', '2023-05-11 20:53:39'),
(79, NULL, 12, 'Paulyn Del Rosario Alcoba', '', NULL, '14.220200756116759', '120.88548519382041', 1, '2023-05-11 20:54:43', '2023-05-11 20:54:43'),
(80, NULL, 12, 'Maerlyn Cuabo Amoyan', '', NULL, '14.221819534756275', '120.88606823734403', 1, '2023-05-11 20:55:55', '2023-05-11 20:55:55'),
(81, NULL, 12, 'Michael Fillartos Aniel', '', NULL, '14.223273227647995', '120.88572267069833', 1, '2023-05-11 20:56:30', '2023-05-11 20:56:30'),
(82, NULL, 12, 'Cosme Creencia Astilla', '', NULL, '14.224397784021997', '120.8858149323511', 1, '2023-05-11 20:57:37', '2023-05-11 20:57:37'),
(83, 'Purok 5', 11, 'Sir Jake', '285 Purok 5 Barangay Alulod', NULL, '14.212424620717355', '120.8897803849182', 1, '2023-05-15 10:40:29', '2023-05-31 10:22:02'),
(84, NULL, 7, 'sample loc', '', NULL, '14.221848511864819', '120.88935846678162', 1, '2023-05-24 22:12:02', '2023-05-24 22:12:02'),
(86, 'Purok 2', 13, 'x1', '', NULL, '14.20111867856315', '120.89060349850521', 1, '2023-05-31 01:12:37', '2023-05-31 01:13:10'),
(87, 'Purok 5', 13, 'Sample Loc new', '', NULL, '14.212015346417958', '120.8887718743286', 1, '2023-05-31 01:21:13', '2023-05-31 01:22:33'),
(88, 'Purok 3', 9, '3 sample', '', NULL, '14.204440990146614', '120.89008947407939', 1, '2023-06-05 10:18:05', '2023-06-05 10:18:05'),
(89, 'Purok 2', 13, 'New Sample Location', '', NULL, '14.200120569328039', '120.888248487558', 1, '2023-06-05 23:52:14', '2023-06-05 23:52:14');

-- --------------------------------------------------------

--
-- Table structure for table `tbl_location_categories`
--

CREATE TABLE `tbl_location_categories` (
  `id` int(11) NOT NULL,
  `category` text DEFAULT NULL,
  `description` text DEFAULT NULL,
  `active` tinyint(1) DEFAULT 1,
  `created_at` datetime DEFAULT NULL,
  `updated_at` datetime DEFAULT NULL
) ENGINE=InnoDB DEFAULT CHARSET=utf8 COLLATE=utf8_unicode_ci ROW_FORMAT=DYNAMIC;

--
-- Dumping data for table `tbl_location_categories`
--

INSERT INTO `tbl_location_categories` (`id`, `category`, `description`, `active`, `created_at`, `updated_at`) VALUES
(3, 'Firestation', '', 1, '2022-08-30 21:38:00', '2022-08-30 21:38:00'),
(4, 'Store', 'Include all stores and mini sari sari stores', 1, '2022-10-13 16:05:13', '2022-10-13 16:05:13'),
(5, 'Resident', '', 1, '2022-11-07 14:44:41', '2022-11-07 14:44:41'),
(6, 'Hall', '', 1, '2023-01-03 21:57:45', '2023-01-03 21:57:45'),
(7, 'Purok 1', '', 1, '2023-05-10 10:39:05', '2023-05-10 10:39:05'),
(8, 'Purok 2', '', 1, '2023-05-10 10:40:58', '2023-05-10 10:40:58'),
(9, 'Purok 3', '', 1, '2023-05-10 10:43:16', '2023-05-10 10:43:16'),
(10, 'Purok 4', '', 1, '2023-05-10 10:43:28', '2023-05-10 10:43:28'),
(11, 'Purok 5', '', 1, '2023-05-10 10:43:50', '2023-05-10 10:43:50'),
(12, 'Purok 6', '', 1, '2023-05-10 10:44:02', '2023-05-10 10:44:02'),
(13, 'Church', '', 1, '2023-05-10 10:44:13', '2023-05-10 10:44:13'),
(14, 'School', '', 1, '2023-05-10 10:44:26', '2023-05-10 10:44:26'),
(15, 'Restuarant', '', 1, '2023-05-10 10:47:35', '2023-05-10 10:47:35'),
(16, 'Resort', '', 1, '2023-05-10 10:47:57', '2023-05-10 10:47:57');

-- --------------------------------------------------------

--
-- Table structure for table `tbl_news`
--

CREATE TABLE `tbl_news` (
  `id` int(11) NOT NULL,
  `title` text DEFAULT NULL,
  `short_text` text DEFAULT NULL,
  `content` text DEFAULT NULL,
  `image` text DEFAULT NULL,
  `active` tinyint(1) DEFAULT 1,
  `created_at` datetime DEFAULT current_timestamp(),
  `updated_at` datetime DEFAULT current_timestamp()
) ENGINE=InnoDB DEFAULT CHARSET=utf8 COLLATE=utf8_unicode_ci ROW_FORMAT=DYNAMIC;

--
-- Dumping data for table `tbl_news`
--

INSERT INTO `tbl_news` (`id`, `title`, `short_text`, `content`, `image`, `active`, `created_at`, `updated_at`) VALUES
(1, 'Title 1', 'test', '<h1>How it compares with&nbsp;<code>mysqldump</code></h1>\r\n\r\n<p>On a 3gb database, using&nbsp;<code>mysqldump</code>&nbsp;and&nbsp;<code>mysql</code>&nbsp;would take 40-50 minutes on my machine. Using this method, the same process would only take ~8 minutes.</p>\r\n\r\n<h1>How we used it</h1>\r\n\r\n<p>We had our SQL changes saved alongside our code and the upgrade process is automated on both production and development, with each set of changes making a backup of the database to restore if there&#39;s errors. One problem we ran into was when we were working on a long term project with database changes, and had to switch branches in the middle of it to fix a bug or three.</p>\r\n\r\n<p>In the past, we used a single database for all branches, and would have to rebuild the database whenever we switched to a branch that wasn&#39;t compatible with the new database changes. And when we switched back, we&#39;d have to run the upgrades again.</p>\r\n\r\n<p>We tried&nbsp;<code>mysqldump</code>&nbsp;to duplicate the database for different branches, but the wait time was too long (40-50 minutes), and we couldn&#39;t do anything else in the meantime.</p>\r\n\r\n<p>This solution shortened the database clone time to 1/5 the time (think coffee and bathroom break instead of a long lunch).</p>\r\n\r\n<h2>Common tasks and their time</h2>\r\n\r\n<p>Switching between branches with incompatible database changes takes 50+ minutes on a single database, but no time at all after the initial setup time with&nbsp;<code>mysqldump</code>&nbsp;or this code. This code just happens to be ~5 times faster than&nbsp;<code>mysqldump</code>.</p>\r\n\r\n<p>Here are some common tasks and roughly how long they would take with each method:</p>\r\n\r\n<h3>Create feature branch with database changes and merge immediately:</h3>\r\n\r\n<ul>\r\n	<li>Single database: ~5 minutes</li>\r\n	<li>Clone with&nbsp;<code>mysqldump</code>: 50-60 minutes</li>\r\n	<li>Clone with this code: ~18 minutes</li>\r\n</ul>\r\n\r\n<h3>Create feature branch with database changes, switch to&nbsp;<code>main</code>&nbsp;for a bugfix, make an edit on the feature branch, and merge:</h3>\r\n\r\n<ul>\r\n	<li>Single database: ~60 minutes</li>\r\n	<li>Clone with&nbsp;<code>mysqldump</code>: 50-60 minutes</li>\r\n	<li>Clone with this code: ~18 minutes</li>\r\n</ul>\r\n\r\n<p><img alt=\"\" src=\"https://media.wired.com/photos/5d09594a62bcb0c9752779d9/1:1/w_1500,h_1500,c_limit/Transpo_G70_TA-518126.jpg\" style=\"height:200px; width:200px\" /></p>\r\n\r\n<h3>Create feature branch with database changes, switch to&nbsp;<code>main</code>&nbsp;for a bugfix 5 times while making edits on the feature branch inbetween, and merge:</h3>\r\n\r\n<ul>\r\n	<li>Single database: ~4 hours, 40 minutes</li>\r\n	<li>Clone with&nbsp;<code>mysqldump</code>: 50-60 minutes</li>\r\n	<li>Clone with this code: ~18 minutes</li>\r\n</ul>\r\n', 'https://res.cloudinary.com/dkvmtvogp/image/upload/v1657074014/pet-adoption/165707401229777.jpg', 1, '2022-07-06 10:20:15', '2022-09-02 21:20:55'),
(2, 'Bagong News', 'Bagong News 123', '<p>Bagong News 456</p>\r\n', 'https://res.cloudinary.com/dkvmtvogp/image/upload/v1664799282/brgy-alulod/166479928113184.png', 1, '2022-10-03 20:14:43', '2022-10-03 20:14:43');

-- --------------------------------------------------------

--
-- Table structure for table `tbl_reports_d`
--

CREATE TABLE `tbl_reports_d` (
  `id` int(11) NOT NULL,
  `hid` int(11) DEFAULT NULL,
  `name` text DEFAULT NULL,
  `value` decimal(10,2) DEFAULT NULL,
  `active` tinyint(1) DEFAULT 1,
  `created_at` datetime DEFAULT NULL,
  `updated_at` datetime DEFAULT NULL
) ENGINE=InnoDB DEFAULT CHARSET=utf8 COLLATE=utf8_unicode_ci ROW_FORMAT=DYNAMIC;

--
-- Dumping data for table `tbl_reports_d`
--

INSERT INTO `tbl_reports_d` (`id`, `hid`, `name`, `value`, `active`, `created_at`, `updated_at`) VALUES
(23, 9, 'Purok 1', '127.00', 1, '2023-01-04 08:10:56', '2023-01-04 08:10:56'),
(24, 9, 'Purok 2', '172.00', 1, '2023-01-04 08:11:14', '2023-01-04 08:11:14'),
(25, 9, 'Purok 3', '317.00', 1, '2023-01-04 08:11:31', '2023-01-04 08:11:31'),
(26, 9, 'Purok 4', '140.00', 1, '2023-01-04 08:11:52', '2023-01-04 08:11:52'),
(27, 9, 'Purok 5', '218.00', 1, '2023-01-04 08:12:09', '2023-01-04 08:12:09'),
(28, 9, 'Purok 6', '409.00', 1, '2023-01-04 08:12:26', '2023-01-04 08:12:26'),
(29, 12, 'Purok 1', '16.00', 1, '2023-01-04 08:22:34', '2023-01-04 08:22:34'),
(30, 12, 'Purok 2', '10.00', 1, '2023-01-04 08:23:24', '2023-01-04 08:23:24'),
(31, 12, 'Purok 3', '11.00', 1, '2023-01-04 08:23:53', '2023-01-04 08:23:53'),
(32, 12, 'Purok 4', '10.00', 1, '2023-01-04 08:24:22', '2023-01-04 08:24:22'),
(33, 12, 'Purok 5', '4.00', 1, '2023-01-04 08:24:51', '2023-01-04 08:24:51'),
(34, 12, 'Purok 6', '14.00', 1, '2023-01-04 08:25:18', '2023-01-04 08:25:18'),
(36, 13, '1990 May 1', '593.00', 1, '2023-05-12 13:29:12', '2023-05-12 13:29:12'),
(37, 13, '1995 Sep 1', '542.00', 1, '2023-05-12 13:29:39', '2023-05-12 13:29:39'),
(38, 13, '2000 May 1', '657.00', 1, '2023-05-12 13:30:20', '2023-05-12 13:30:20'),
(39, 13, '2007 Aug 1', '875.00', 1, '2023-05-12 13:30:46', '2023-05-12 13:30:46'),
(40, 13, '2010 May 1', '948.00', 1, '2023-05-12 13:31:07', '2023-05-12 13:31:07'),
(41, 13, '2015 Aug 1', '1090.00', 1, '2023-05-12 13:31:30', '2023-05-12 13:31:30'),
(42, 14, '1990 May 1', '3190.00', 1, '2023-05-12 13:34:16', '2023-05-12 13:34:16'),
(43, 14, '1995 Sep 1', '2915.00', 1, '2023-05-12 13:34:39', '2023-05-12 13:34:39'),
(44, 14, '2000 May 1', '3323.00', 1, '2023-05-12 13:34:58', '2023-05-12 13:34:58'),
(45, 14, '2007 Aug 1', '4275.00', 1, '2023-05-12 13:35:17', '2023-05-12 13:35:17'),
(46, 14, '2010 May 1', '4322.00', 1, '2023-05-12 13:35:39', '2023-05-12 13:35:39'),
(47, 14, '2015 Aug 1', '4799.00', 1, '2023-05-12 13:36:05', '2023-05-12 13:36:05'),
(48, 14, '2020 May 1', '5055.00', 1, '2023-05-12 13:36:26', '2023-05-12 13:36:26'),
(49, 15, 'Male', '71.00', 1, '2023-05-12 22:14:57', '2023-05-12 22:14:57'),
(50, 15, 'Female', '158.00', 1, '2023-05-12 22:27:33', '2023-05-12 22:27:33'),
(51, 16, 'Purok 1', '122.00', 1, '2023-05-13 00:11:24', '2023-05-13 00:11:24'),
(52, 16, 'Purok 2', '98.00', 1, '2023-05-13 00:11:44', '2023-05-13 00:11:44'),
(53, 16, 'Purok 3', '118.00', 1, '2023-05-13 00:12:02', '2023-05-13 00:12:02'),
(54, 16, 'Purok 4', '108.00', 1, '2023-05-13 00:12:18', '2023-05-13 00:12:18'),
(55, 16, 'Purok 5', '103.00', 1, '2023-05-13 00:12:33', '2023-05-13 00:12:33'),
(56, 16, 'Purok 6', '255.00', 1, '2023-05-13 00:12:48', '2023-05-13 00:12:48'),
(57, 17, '1 to 3', '1.00', 1, '2023-05-13 00:36:21', '2023-05-13 00:36:21'),
(58, 17, '4 to 10', '4.00', 1, '2023-05-13 00:36:41', '2023-05-13 00:38:22'),
(59, 17, '11 to 20', '14.00', 1, '2023-05-13 00:37:07', '2023-05-13 00:37:07'),
(60, 17, '20 to 59', '31.00', 1, '2023-05-13 00:37:42', '2023-05-13 00:37:42'),
(61, 17, 'Over 60', '4.00', 1, '2023-05-13 00:38:02', '2023-05-13 00:38:02');

-- --------------------------------------------------------

--
-- Table structure for table `tbl_reports_h`
--

CREATE TABLE `tbl_reports_h` (
  `id` int(11) NOT NULL,
  `title` varchar(150) DEFAULT NULL,
  `description` text DEFAULT NULL,
  `type` varchar(50) DEFAULT NULL,
  `active` tinyint(1) DEFAULT 1,
  `created_at` datetime DEFAULT NULL,
  `updated_at` datetime DEFAULT NULL
) ENGINE=InnoDB DEFAULT CHARSET=utf8 COLLATE=utf8_unicode_ci ROW_FORMAT=DYNAMIC;

--
-- Dumping data for table `tbl_reports_h`
--

INSERT INTO `tbl_reports_h` (`id`, `title`, `description`, `type`, `active`, `created_at`, `updated_at`) VALUES
(9, 'Residents', '', 'Pie', 1, '2022-11-07 15:10:49', '2022-11-07 15:10:49'),
(12, 'Establishments', 'Establishments per Purok', 'Pie', 1, '2023-01-04 08:22:01', '2023-01-04 08:22:01'),
(13, 'Households Population', 'The household population of Alulod in the 2015 Census was 4,799 broken down into 1,090 households or an average of 4.40 members per household.', 'Line', 1, '2023-05-12 13:28:24', '2023-05-12 13:28:24'),
(14, 'Historical Population', 'The population of Alulod grew from 3,190 in 1990 to 5,055 in 2020, an increase of 1,865 people over the course of 30 years. The latest census figures in 2020 denote a positive growth rate of 1.10%, or an increase of 256 people, from the previous population of 4,799 in 2015.', 'Bar', 1, '2023-05-12 13:33:51', '2023-05-12 13:33:51'),
(15, 'Senior Citizen', 'Number of male and female senior citizen', 'Pie', 1, '2023-05-12 22:13:56', '2023-05-12 22:13:56'),
(16, 'Number Of Households/families', 'From clustered households database', 'Pie', 1, '2023-05-13 00:11:05', '2023-05-13 00:11:05'),
(17, 'Pwd Age Bracket', 'Person with disabilities age bracket', 'Pie', 1, '2023-05-13 00:35:55', '2023-05-13 09:26:56');

-- --------------------------------------------------------

--
-- Table structure for table `tbl_sms_outbounds`
--

CREATE TABLE `tbl_sms_outbounds` (
  `id` int(11) NOT NULL,
  `contact_id` int(11) DEFAULT NULL,
  `mobile` varchar(150) DEFAULT NULL,
  `message` text DEFAULT NULL,
  `read_at` datetime DEFAULT NULL,
  `sent_at` datetime DEFAULT NULL,
  `error_at` datetime DEFAULT NULL,
  `error_message` text DEFAULT NULL,
  `response` text DEFAULT NULL,
  `active` tinyint(1) DEFAULT 1,
  `created_at` datetime DEFAULT NULL,
  `updated_at` datetime DEFAULT NULL
) ENGINE=InnoDB DEFAULT CHARSET=utf8 COLLATE=utf8_unicode_ci ROW_FORMAT=DYNAMIC;

--
-- Dumping data for table `tbl_sms_outbounds`
--

INSERT INTO `tbl_sms_outbounds` (`id`, `contact_id`, `mobile`, `message`, `read_at`, `sent_at`, `error_at`, `error_message`, `response`, `active`, `created_at`, `updated_at`) VALUES
(10, 5, '09051462480', 'sample', NULL, '2022-10-06 12:50:54', NULL, NULL, '{\"DateTime\":\"2022-10-06 12:50:54\",\"Error\":false,\"TotalSMS\":1,\"Accepted\":1,\"TotalCreditUsed\":1,\"Failed\":0,\"ReferenceId\":\"PRPRI11132389197813244147\"}', 1, '2022-10-06 12:47:21', '2022-10-06 12:50:54'),
(11, 5, '09051462480', 'sample', NULL, '2022-10-11 14:33:00', NULL, NULL, '{\"DateTime\":\"2022-10-11 14:33:00\",\"Error\":false,\"TotalSMS\":1,\"Accepted\":1,\"TotalCreditUsed\":1,\"Failed\":0,\"ReferenceId\":\"PRPRI75432482314436456124\"}', 1, '2022-10-11 14:32:30', '2022-10-11 14:33:00'),
(12, 5, '09051462480', 'Hey', NULL, '2022-10-13 08:29:02', NULL, NULL, '{\"DateTime\":\"2022-10-13 08:29:02\",\"Error\":false,\"TotalSMS\":1,\"Accepted\":1,\"TotalCreditUsed\":1,\"Failed\":0,\"ReferenceId\":\"PRPRI31911729386884646324\"}', 1, '2022-10-13 08:28:55', '2022-10-13 08:29:02'),
(13, 5, '09051462480', 'Hello', NULL, '2022-10-13 08:37:19', NULL, NULL, '{\"DateTime\":\"2022-10-13 08:37:19\",\"Error\":false,\"TotalSMS\":2,\"Accepted\":2,\"TotalCreditUsed\":2,\"Failed\":0,\"ReferenceId\":\"PRPRI48668334855695114389\"}', 1, '2022-10-13 08:37:11', '2022-10-13 08:37:19'),
(14, 6, '09273332819', 'Hello', NULL, '2022-10-13 08:37:19', NULL, NULL, '{\"DateTime\":\"2022-10-13 08:37:19\",\"Error\":false,\"TotalSMS\":2,\"Accepted\":2,\"TotalCreditUsed\":2,\"Failed\":0,\"ReferenceId\":\"PRPRI48668334855695114389\"}', 1, '2022-10-13 08:37:11', '2022-10-13 08:37:19'),
(15, 5, '09051462480', 'Prince and Jacob', NULL, '2022-10-13 16:20:39', NULL, NULL, '{\"DateTime\":\"2022-10-13 16:20:40\",\"Error\":false,\"TotalSMS\":2,\"Accepted\":2,\"TotalCreditUsed\":2,\"Failed\":0,\"ReferenceId\":\"PRPRI72286256175544744158\"}', 1, '2022-10-13 16:19:35', '2022-10-13 16:20:39'),
(16, 7, '09263013365', 'Prince and Jacob', NULL, '2022-10-13 16:20:39', NULL, NULL, '{\"DateTime\":\"2022-10-13 16:20:40\",\"Error\":false,\"TotalSMS\":2,\"Accepted\":2,\"TotalCreditUsed\":2,\"Failed\":0,\"ReferenceId\":\"PRPRI72286256175544744158\"}', 1, '2022-10-13 16:19:35', '2022-10-13 16:20:39'),
(17, 5, '09051462480', 'Another sample text here', NULL, '2022-10-14 17:07:48', NULL, NULL, '{\"DateTime\":\"2022-10-14 17:07:49\",\"Error\":false,\"TotalSMS\":2,\"Accepted\":2,\"TotalCreditUsed\":2,\"Failed\":0,\"ReferenceId\":\"PRPRI18743785256295684679\"}', 1, '2022-10-14 17:07:47', '2022-10-14 17:07:48'),
(18, 7, '09263013365', 'Another sample text here', NULL, '2022-10-14 17:07:48', NULL, NULL, '{\"DateTime\":\"2022-10-14 17:07:49\",\"Error\":false,\"TotalSMS\":2,\"Accepted\":2,\"TotalCreditUsed\":2,\"Failed\":0,\"ReferenceId\":\"PRPRI18743785256295684679\"}', 1, '2022-10-14 17:07:47', '2022-10-14 17:07:48'),
(19, 5, '09051462480', 'hhh', NULL, '2022-11-07 14:39:04', NULL, NULL, '{\"DateTime\":\"2022-11-07 14:39:06\",\"Error\":false,\"TotalSMS\":2,\"Accepted\":2,\"TotalCreditUsed\":2,\"Failed\":0,\"ReferenceId\":\"PRPRI85582768179693935416\"}', 1, '2022-11-07 14:38:59', '2022-11-07 14:39:04'),
(20, 7, '09263013365', 'hhh', NULL, '2022-11-07 14:39:04', NULL, NULL, '{\"DateTime\":\"2022-11-07 14:39:06\",\"Error\":false,\"TotalSMS\":2,\"Accepted\":2,\"TotalCreditUsed\":2,\"Failed\":0,\"ReferenceId\":\"PRPRI85582768179693935416\"}', 1, '2022-11-07 14:38:59', '2022-11-07 14:39:04'),
(21, 5, '09051462480', 'Sample Announcement', NULL, '2022-11-07 14:57:08', NULL, NULL, '{\"DateTime\":\"2022-11-07 14:57:11\",\"Error\":false,\"TotalSMS\":3,\"Accepted\":3,\"TotalCreditUsed\":3,\"Failed\":0,\"ReferenceId\":\"PRPRI75782538583443851419\"}', 1, '2022-11-07 14:57:04', '2022-11-07 14:57:08'),
(22, 7, '09263013365', 'Sample Announcement', NULL, '2022-11-07 14:57:08', NULL, NULL, '{\"DateTime\":\"2022-11-07 14:57:11\",\"Error\":false,\"TotalSMS\":3,\"Accepted\":3,\"TotalCreditUsed\":3,\"Failed\":0,\"ReferenceId\":\"PRPRI75782538583443851419\"}', 1, '2022-11-07 14:57:04', '2022-11-07 14:57:08'),
(23, 8, '09066757878', 'Sample Announcement', NULL, '2022-11-07 14:57:08', NULL, NULL, '{\"DateTime\":\"2022-11-07 14:57:11\",\"Error\":false,\"TotalSMS\":3,\"Accepted\":3,\"TotalCreditUsed\":3,\"Failed\":0,\"ReferenceId\":\"PRPRI75782538583443851419\"}', 1, '2022-11-07 14:57:04', '2022-11-07 14:57:08'),
(24, 5, '09051462480', 'Another Sample', NULL, '2023-05-31 01:33:47', NULL, NULL, '{\"DateTime\":\"2023-05-31 01:33:54\",\"Error\":false,\"TotalSMS\":2,\"Accepted\":2,\"TotalCreditUsed\":2,\"Failed\":0,\"ReferenceId\":\"DEPRI97597961323774977926\"}', 1, '2023-05-14 00:47:37', '2023-05-31 01:33:47'),
(25, 7, '09263013365', 'Another Sample', NULL, '2023-05-31 01:33:47', NULL, NULL, '{\"DateTime\":\"2023-05-31 01:33:54\",\"Error\":false,\"TotalSMS\":2,\"Accepted\":2,\"TotalCreditUsed\":2,\"Failed\":0,\"ReferenceId\":\"DEPRI97597961323774977926\"}', 1, '2023-05-14 00:47:37', '2023-05-31 01:33:47'),
(26, 79, '09287335868', 'test', NULL, '2023-05-31 01:33:48', NULL, NULL, '{\"DateTime\":\"2023-05-31 01:33:54\",\"Error\":false,\"TotalSMS\":1,\"Accepted\":1,\"TotalCreditUsed\":1,\"Failed\":0,\"ReferenceId\":\"DEPRI42382381677574645217\"}', 1, '2023-05-14 10:23:55', '2023-05-31 01:33:48'),
(27, 80, '09053823343', 'Sample', NULL, '2023-05-31 01:33:48', NULL, NULL, '{\"DateTime\":\"2023-05-31 01:33:55\",\"Error\":false,\"TotalSMS\":1,\"Accepted\":1,\"TotalCreditUsed\":1,\"Failed\":0,\"ReferenceId\":\"DEPRI98767727346544269123\"}', 1, '2023-05-15 11:08:12', '2023-05-31 01:33:48'),
(28, 5, '09051462480', 'new sample 5/31/23', NULL, '2023-05-31 01:33:49', NULL, NULL, '{\"DateTime\":\"2023-05-31 01:33:55\",\"Error\":false,\"TotalSMS\":2,\"Accepted\":2,\"TotalCreditUsed\":2,\"Failed\":0,\"ReferenceId\":\"DEPRI64745355565172289884\"}', 1, '2023-05-31 01:33:43', '2023-05-31 01:33:49'),
(29, 7, '09263013365', 'new sample 5/31/23', NULL, '2023-05-31 01:33:49', NULL, NULL, '{\"DateTime\":\"2023-05-31 01:33:55\",\"Error\":false,\"TotalSMS\":2,\"Accepted\":2,\"TotalCreditUsed\":2,\"Failed\":0,\"ReferenceId\":\"DEPRI64745355565172289884\"}', 1, '2023-05-31 01:33:43', '2023-05-31 01:33:49'),
(30, 5, '09051462480', 'testing new 5/31/23', NULL, '2023-05-31 01:39:54', NULL, NULL, '{\"DateTime\":\"2023-05-31 01:40:00\",\"Error\":false,\"TotalSMS\":2,\"Accepted\":2,\"TotalCreditUsed\":2,\"Failed\":0,\"ReferenceId\":\"DEPRI85369471711364665713\"}', 1, '2023-05-31 01:39:47', '2023-05-31 01:39:54'),
(31, 7, '09263013365', 'testing new 5/31/23', NULL, '2023-05-31 01:39:54', NULL, NULL, '{\"DateTime\":\"2023-05-31 01:40:00\",\"Error\":false,\"TotalSMS\":2,\"Accepted\":2,\"TotalCreditUsed\":2,\"Failed\":0,\"ReferenceId\":\"DEPRI85369471711364665713\"}', 1, '2023-05-31 01:39:47', '2023-05-31 01:39:54'),
(32, 5, '09051462480', 'Sample message 6/1/23', NULL, '2023-06-01 05:54:52', NULL, NULL, '{\"DateTime\":\"2023-06-01 05:54:59\",\"Error\":false,\"TotalSMS\":2,\"Accepted\":2,\"TotalCreditUsed\":2,\"Failed\":0,\"ReferenceId\":\"DEPRI39994517687489875854\"}', 1, '2023-06-01 05:54:43', '2023-06-01 05:54:52'),
(33, 7, '09263013365', 'Sample message 6/1/23', NULL, '2023-06-01 05:54:52', NULL, NULL, '{\"DateTime\":\"2023-06-01 05:54:59\",\"Error\":false,\"TotalSMS\":2,\"Accepted\":2,\"TotalCreditUsed\":2,\"Failed\":0,\"ReferenceId\":\"DEPRI39994517687489875854\"}', 1, '2023-06-01 05:54:43', '2023-06-01 05:54:52'),
(34, 5, '09051462480', 'try again', NULL, '2023-06-01 11:03:09', NULL, NULL, '{\"DateTime\":\"2023-06-01 11:03:16\",\"Error\":false,\"TotalSMS\":2,\"Accepted\":2,\"TotalCreditUsed\":2,\"Failed\":0,\"ReferenceId\":\"DEPRI46122563361465844632\"}', 1, '2023-06-01 11:02:03', '2023-06-01 11:03:09'),
(35, 7, '09263013365', 'try again', NULL, '2023-06-01 11:03:09', NULL, NULL, '{\"DateTime\":\"2023-06-01 11:03:16\",\"Error\":false,\"TotalSMS\":2,\"Accepted\":2,\"TotalCreditUsed\":2,\"Failed\":0,\"ReferenceId\":\"DEPRI46122563361465844632\"}', 1, '2023-06-01 11:02:03', '2023-06-01 11:03:09'),
(36, 5, '09051462480', 'New sample text 6/2/23', NULL, '2023-06-02 09:49:30', NULL, NULL, '{\"DateTime\":\"2023-06-02 09:49:36\",\"Error\":false,\"TotalSMS\":2,\"Accepted\":2,\"TotalCreditUsed\":2,\"Failed\":0,\"ReferenceId\":\"DEPRI91911713682366525395\"}', 1, '2023-06-02 09:49:23', '2023-06-02 09:49:30'),
(37, 7, '09263013365', 'New sample text 6/2/23', NULL, '2023-06-02 09:49:30', NULL, NULL, '{\"DateTime\":\"2023-06-02 09:49:36\",\"Error\":false,\"TotalSMS\":2,\"Accepted\":2,\"TotalCreditUsed\":2,\"Failed\":0,\"ReferenceId\":\"DEPRI91911713682366525395\"}', 1, '2023-06-02 09:49:23', '2023-06-02 09:49:30'),
(38, 5, '09051462480', 'Testing Testing', NULL, '2023-06-02 11:56:16', NULL, NULL, '{\"DateTime\":\"2023-06-02 11:56:23\",\"Error\":false,\"TotalSMS\":2,\"Accepted\":2,\"TotalCreditUsed\":2,\"Failed\":0,\"ReferenceId\":\"DEPRI49442713557446676959\"}', 1, '2023-06-02 11:56:06', '2023-06-02 11:56:16'),
(39, 7, '09263013365', 'Testing Testing', NULL, '2023-06-02 11:56:16', NULL, NULL, '{\"DateTime\":\"2023-06-02 11:56:23\",\"Error\":false,\"TotalSMS\":2,\"Accepted\":2,\"TotalCreditUsed\":2,\"Failed\":0,\"ReferenceId\":\"DEPRI49442713557446676959\"}', 1, '2023-06-02 11:56:06', '2023-06-02 11:56:16'),
(40, 6, '09273332819', 'Try eb', NULL, '2023-06-02 23:34:28', NULL, NULL, '{\"DateTime\":\"2023-06-02 23:34:35\",\"Error\":false,\"TotalSMS\":2,\"Accepted\":2,\"TotalCreditUsed\":2,\"Failed\":0,\"ReferenceId\":\"DEPRI18424348576653698449\"}', 1, '2023-06-02 23:34:10', '2023-06-02 23:34:28'),
(41, 81, '09076844629', 'Try eb', NULL, '2023-06-02 23:34:28', NULL, NULL, '{\"DateTime\":\"2023-06-02 23:34:35\",\"Error\":false,\"TotalSMS\":2,\"Accepted\":2,\"TotalCreditUsed\":2,\"Failed\":0,\"ReferenceId\":\"DEPRI18424348576653698449\"}', 1, '2023-06-02 23:34:10', '2023-06-02 23:34:28'),
(42, 5, '09051462480', 'Try again', NULL, '2023-06-05 06:17:57', NULL, NULL, '{\"DateTime\":\"2023-06-05 06:18:04\",\"Error\":false,\"TotalSMS\":2,\"Accepted\":2,\"TotalCreditUsed\":2,\"Failed\":0,\"ReferenceId\":\"DEPRI53677484894836146994\"}', 1, '2023-06-05 06:17:53', '2023-06-05 06:17:57'),
(43, 7, '09263013365', 'Try again', NULL, '2023-06-05 06:17:57', NULL, NULL, '{\"DateTime\":\"2023-06-05 06:18:04\",\"Error\":false,\"TotalSMS\":2,\"Accepted\":2,\"TotalCreditUsed\":2,\"Failed\":0,\"ReferenceId\":\"DEPRI53677484894836146994\"}', 1, '2023-06-05 06:17:53', '2023-06-05 06:17:57'),
(44, 5, '09051462480', 'Hi Bry', NULL, '2023-06-05 10:01:38', NULL, NULL, '{\"DateTime\":\"2023-06-05 10:01:44\",\"Error\":false,\"TotalSMS\":3,\"Accepted\":3,\"TotalCreditUsed\":3,\"Failed\":0,\"ReferenceId\":\"DEPRI55261437721616885898\"}', 1, '2023-06-05 10:01:02', '2023-06-05 10:01:38'),
(45, 7, '09263013365', 'Hi Bry', NULL, '2023-06-05 10:01:38', NULL, NULL, '{\"DateTime\":\"2023-06-05 10:01:44\",\"Error\":false,\"TotalSMS\":3,\"Accepted\":3,\"TotalCreditUsed\":3,\"Failed\":0,\"ReferenceId\":\"DEPRI55261437721616885898\"}', 1, '2023-06-05 10:01:02', '2023-06-05 10:01:38'),
(47, 5, '09051462480', 'New sample 6/5/2023', NULL, '2023-06-05 10:19:50', NULL, NULL, '{\"DateTime\":\"2023-06-05 10:19:56\",\"Error\":false,\"TotalSMS\":3,\"Accepted\":3,\"TotalCreditUsed\":3,\"Failed\":0,\"ReferenceId\":\"DEPRI21437936137425157497\"}', 1, '2023-06-05 10:19:48', '2023-06-05 10:19:50'),
(48, 7, '09263013365', 'New sample 6/5/2023', NULL, '2023-06-05 10:19:50', NULL, NULL, '{\"DateTime\":\"2023-06-05 10:19:56\",\"Error\":false,\"TotalSMS\":3,\"Accepted\":3,\"TotalCreditUsed\":3,\"Failed\":0,\"ReferenceId\":\"DEPRI21437936137425157497\"}', 1, '2023-06-05 10:19:48', '2023-06-05 10:19:50'),
(50, 5, '09051462480', 'test 6/5/23', NULL, '2023-06-05 10:21:51', NULL, NULL, '{\"DateTime\":\"2023-06-05 10:21:58\",\"Error\":false,\"TotalSMS\":3,\"Accepted\":3,\"TotalCreditUsed\":3,\"Failed\":0,\"ReferenceId\":\"DEPRI51945532245432116195\"}', 1, '2023-06-05 10:21:30', '2023-06-05 10:21:51'),
(51, 7, '09263013365', 'test 6/5/23', NULL, '2023-06-05 10:21:51', NULL, NULL, '{\"DateTime\":\"2023-06-05 10:21:58\",\"Error\":false,\"TotalSMS\":3,\"Accepted\":3,\"TotalCreditUsed\":3,\"Failed\":0,\"ReferenceId\":\"DEPRI51945532245432116195\"}', 1, '2023-06-05 10:21:30', '2023-06-05 10:21:51'),
(53, 5, '09051462480', 'test ulit 6/5', NULL, '2023-06-05 10:25:16', NULL, NULL, '{\"DateTime\":\"2023-06-05 10:25:23\",\"Error\":false,\"TotalSMS\":3,\"Accepted\":3,\"TotalCreditUsed\":3,\"Failed\":0,\"ReferenceId\":\"DEPRI64849432489759154858\"}', 1, '2023-06-05 10:24:30', '2023-06-05 10:25:16'),
(54, 7, '09263013365', 'test ulit 6/5', NULL, '2023-06-05 10:25:16', NULL, NULL, '{\"DateTime\":\"2023-06-05 10:25:23\",\"Error\":false,\"TotalSMS\":3,\"Accepted\":3,\"TotalCreditUsed\":3,\"Failed\":0,\"ReferenceId\":\"DEPRI64849432489759154858\"}', 1, '2023-06-05 10:24:30', '2023-06-05 10:25:16'),
(56, 5, '09051462480', 'last test 6/5', NULL, '2023-06-05 22:06:05', NULL, NULL, '{\"DateTime\":\"2023-06-05 22:06:11\",\"Error\":false,\"TotalSMS\":3,\"Accepted\":3,\"TotalCreditUsed\":3,\"Failed\":0,\"ReferenceId\":\"DEPRI85624198156571947858\"}', 1, '2023-06-05 10:25:52', '2023-06-05 22:06:05'),
(57, 7, '09263013365', 'last test 6/5', NULL, '2023-06-05 22:06:05', NULL, NULL, '{\"DateTime\":\"2023-06-05 22:06:11\",\"Error\":false,\"TotalSMS\":3,\"Accepted\":3,\"TotalCreditUsed\":3,\"Failed\":0,\"ReferenceId\":\"DEPRI85624198156571947858\"}', 1, '2023-06-05 10:25:52', '2023-06-05 22:06:05'),
(59, 5, '09051462480', 'New test', NULL, '2023-06-05 23:56:00', NULL, NULL, '{\"DateTime\":\"2023-06-05 23:56:07\",\"Error\":false,\"TotalSMS\":3,\"Accepted\":3,\"TotalCreditUsed\":3,\"Failed\":0,\"ReferenceId\":\"DEPRI35672755795665684218\"}', 1, '2023-06-05 23:55:01', '2023-06-05 23:56:00'),
(60, 7, '09263013365', 'New test', NULL, '2023-06-05 23:56:00', NULL, NULL, '{\"DateTime\":\"2023-06-05 23:56:07\",\"Error\":false,\"TotalSMS\":3,\"Accepted\":3,\"TotalCreditUsed\":3,\"Failed\":0,\"ReferenceId\":\"DEPRI35672755795665684218\"}', 1, '2023-06-05 23:55:01', '2023-06-05 23:56:00'),
(62, 5, '09051462480', 'Try', NULL, '2023-06-06 14:43:51', NULL, NULL, '{\"DateTime\":\"2023-06-06 14:43:57\",\"Error\":false,\"TotalSMS\":3,\"Accepted\":3,\"TotalCreditUsed\":3,\"Failed\":0,\"ReferenceId\":\"DEPRI79971813423978542368\"}', 1, '2023-06-06 14:43:23', '2023-06-06 14:43:51'),
(63, 7, '09263013365', 'Try', NULL, '2023-06-06 14:43:51', NULL, NULL, '{\"DateTime\":\"2023-06-06 14:43:57\",\"Error\":false,\"TotalSMS\":3,\"Accepted\":3,\"TotalCreditUsed\":3,\"Failed\":0,\"ReferenceId\":\"DEPRI79971813423978542368\"}', 1, '2023-06-06 14:43:23', '2023-06-06 14:43:51'),
(65, 5, '09051462480', 'try new', NULL, '2023-06-06 14:47:32', NULL, NULL, '{\"DateTime\":\"2023-06-06 14:47:39\",\"Error\":false,\"TotalSMS\":3,\"Accepted\":3,\"TotalCreditUsed\":3,\"Failed\":0,\"ReferenceId\":\"DEPRI48946465297356863286\"}', 1, '2023-06-06 14:46:27', '2023-06-06 14:47:32'),
(66, 7, '09263013365', 'try new', NULL, '2023-06-06 14:47:32', NULL, NULL, '{\"DateTime\":\"2023-06-06 14:47:39\",\"Error\":false,\"TotalSMS\":3,\"Accepted\":3,\"TotalCreditUsed\":3,\"Failed\":0,\"ReferenceId\":\"DEPRI48946465297356863286\"}', 1, '2023-06-06 14:46:27', '2023-06-06 14:47:32'),
(68, 5, '09051462480', 'try', NULL, '2023-06-06 14:49:29', NULL, NULL, '{\"DateTime\":\"2023-06-06 14:49:36\",\"Error\":false,\"TotalSMS\":2,\"Accepted\":2,\"TotalCreditUsed\":2,\"Failed\":0,\"ReferenceId\":\"DEPRI12862655568236926661\"}', 1, '2023-06-06 14:49:29', '2023-06-06 14:49:29'),
(69, 7, '09263013365', 'try', NULL, '2023-06-06 14:49:29', NULL, NULL, '{\"DateTime\":\"2023-06-06 14:49:36\",\"Error\":false,\"TotalSMS\":2,\"Accepted\":2,\"TotalCreditUsed\":2,\"Failed\":0,\"ReferenceId\":\"DEPRI12862655568236926661\"}', 1, '2023-06-06 14:49:29', '2023-06-06 14:49:29'),
(70, 5, '09051462480', 'try try try', NULL, '2023-06-06 15:18:42', NULL, NULL, '{\"DateTime\":\"2023-06-06 15:18:49\",\"Error\":false,\"TotalSMS\":2,\"Accepted\":2,\"TotalCreditUsed\":2,\"Failed\":0,\"ReferenceId\":\"DEPRI44339715862133852125\"}', 1, '2023-06-06 15:18:42', '2023-06-06 15:18:42'),
(71, 7, '09263013365', 'try try try', NULL, '2023-06-06 15:18:42', NULL, NULL, '{\"DateTime\":\"2023-06-06 15:18:49\",\"Error\":false,\"TotalSMS\":2,\"Accepted\":2,\"TotalCreditUsed\":2,\"Failed\":0,\"ReferenceId\":\"DEPRI44339715862133852125\"}', 1, '2023-06-06 15:18:42', '2023-06-06 15:18:42'),
(72, 5, '09051462480', 'try try try trytry try try trytry try try trytry try try trytry try try trytry try try trytry try try trytry try try trytry try try trytry try try trytry try tr', NULL, '2023-06-06 15:19:32', NULL, NULL, '{\"DateTime\":\"2023-06-06 15:19:39\",\"Error\":false,\"TotalSMS\":2,\"Accepted\":2,\"TotalCreditUsed\":2,\"Failed\":0,\"ReferenceId\":\"DEPRI77735876372151881142\"}', 1, '2023-06-06 15:19:32', '2023-06-06 15:19:32'),
(73, 7, '09263013365', 'try try try trytry try try trytry try try trytry try try trytry try try trytry try try trytry try try trytry try try trytry try try trytry try try trytry try tr', NULL, '2023-06-06 15:19:32', NULL, NULL, '{\"DateTime\":\"2023-06-06 15:19:39\",\"Error\":false,\"TotalSMS\":2,\"Accepted\":2,\"TotalCreditUsed\":2,\"Failed\":0,\"ReferenceId\":\"DEPRI77735876372151881142\"}', 1, '2023-06-06 15:19:32', '2023-06-06 15:19:32'),
(74, 5, '09051462480', 'Cob', NULL, '2023-06-06 15:20:01', NULL, NULL, '{\"DateTime\":\"2023-06-06 15:20:08\",\"Error\":false,\"TotalSMS\":2,\"Accepted\":2,\"TotalCreditUsed\":2,\"Failed\":0,\"ReferenceId\":\"DEPRI63179533135358949678\"}', 1, '2023-06-06 15:20:01', '2023-06-06 15:20:01'),
(75, 7, '09263013365', 'Cob', NULL, '2023-06-06 15:20:01', NULL, NULL, '{\"DateTime\":\"2023-06-06 15:20:08\",\"Error\":false,\"TotalSMS\":2,\"Accepted\":2,\"TotalCreditUsed\":2,\"Failed\":0,\"ReferenceId\":\"DEPRI63179533135358949678\"}', 1, '2023-06-06 15:20:01', '2023-06-06 15:20:01'),
(76, 5, '09051462480', 'Testing', NULL, '2023-06-08 23:26:40', NULL, NULL, '{\"DateTime\":\"2023-06-08 23:26:47\",\"Error\":false,\"TotalSMS\":2,\"Accepted\":2,\"TotalCreditUsed\":2,\"Failed\":0,\"ReferenceId\":\"DEPRI57119471172452411954\"}', 1, '2023-06-08 23:26:39', '2023-06-08 23:26:40'),
(77, 7, '09263013365', 'Testing', NULL, '2023-06-08 23:26:40', NULL, NULL, '{\"DateTime\":\"2023-06-08 23:26:47\",\"Error\":false,\"TotalSMS\":2,\"Accepted\":2,\"TotalCreditUsed\":2,\"Failed\":0,\"ReferenceId\":\"DEPRI57119471172452411954\"}', 1, '2023-06-08 23:26:39', '2023-06-08 23:26:40'),
(78, 5, '09051462480', 'testing june 9', NULL, '2023-06-09 19:46:11', NULL, NULL, '{\"DateTime\":\"2023-06-09 19:46:18\",\"Error\":false,\"TotalSMS\":2,\"Accepted\":2,\"TotalCreditUsed\":2,\"Failed\":0,\"ReferenceId\":\"DEPRI33922254584247335813\"}', 1, '2023-06-09 19:46:11', '2023-06-09 19:46:11'),
(79, 7, '09263013365', 'testing june 9', NULL, '2023-06-09 19:46:11', NULL, NULL, '{\"DateTime\":\"2023-06-09 19:46:18\",\"Error\":false,\"TotalSMS\":2,\"Accepted\":2,\"TotalCreditUsed\":2,\"Failed\":0,\"ReferenceId\":\"DEPRI33922254584247335813\"}', 1, '2023-06-09 19:46:11', '2023-06-09 19:46:11'),
(80, 5, '09051462480', 'sample june 12', NULL, '2023-06-12 14:36:34', NULL, NULL, '{\"DateTime\":\"2023-06-12 14:36:41\",\"Error\":false,\"TotalSMS\":2,\"Accepted\":2,\"TotalCreditUsed\":2,\"Failed\":0,\"ReferenceId\":\"DEPRI62484138875469793896\"}', 1, '2023-06-12 14:36:34', '2023-06-12 14:36:34'),
(81, 7, '09263013365', 'sample june 12', NULL, '2023-06-12 14:36:34', NULL, NULL, '{\"DateTime\":\"2023-06-12 14:36:41\",\"Error\":false,\"TotalSMS\":2,\"Accepted\":2,\"TotalCreditUsed\":2,\"Failed\":0,\"ReferenceId\":\"DEPRI62484138875469793896\"}', 1, '2023-06-12 14:36:34', '2023-06-12 14:36:34'),
(82, 5, '09051462480', 'try', NULL, '2023-06-15 15:55:58', NULL, NULL, '{\"DateTime\":\"2023-06-15 15:56:05\",\"Error\":false,\"TotalSMS\":2,\"Accepted\":2,\"TotalCreditUsed\":2,\"Failed\":0,\"ReferenceId\":\"DEPRI71341928859934393789\"}', 1, '2023-06-15 15:55:58', '2023-06-15 15:55:58'),
(83, 7, '09263013365', 'try', NULL, '2023-06-15 15:55:58', NULL, NULL, '{\"DateTime\":\"2023-06-15 15:56:05\",\"Error\":false,\"TotalSMS\":2,\"Accepted\":2,\"TotalCreditUsed\":2,\"Failed\":0,\"ReferenceId\":\"DEPRI71341928859934393789\"}', 1, '2023-06-15 15:55:58', '2023-06-15 15:55:58'),
(84, 5, '09051462480', 'try', NULL, '2023-06-18 16:44:19', NULL, NULL, '{\"DateTime\":\"2023-06-18 16:44:26\",\"Error\":false,\"TotalSMS\":2,\"Accepted\":2,\"TotalCreditUsed\":2,\"Failed\":0,\"ReferenceId\":\"DEPRI26943774775164162155\"}', 1, '2023-06-18 16:44:19', '2023-06-18 16:44:19'),
(85, 7, '09263013365', 'try', NULL, '2023-06-18 16:44:19', NULL, NULL, '{\"DateTime\":\"2023-06-18 16:44:26\",\"Error\":false,\"TotalSMS\":2,\"Accepted\":2,\"TotalCreditUsed\":2,\"Failed\":0,\"ReferenceId\":\"DEPRI26943774775164162155\"}', 1, '2023-06-18 16:44:19', '2023-06-18 16:44:19'),
(86, 5, '09051462480', 'New text message', NULL, '2023-06-18 16:50:58', NULL, NULL, '{\"DateTime\":\"2023-06-18 16:51:05\",\"Error\":false,\"TotalSMS\":2,\"Accepted\":2,\"TotalCreditUsed\":2,\"Failed\":0,\"ReferenceId\":\"DEPRI99118897237813483411\"}', 1, '2023-06-18 16:50:57', '2023-06-18 16:50:58'),
(87, 7, '09263013365', 'New text message', NULL, '2023-06-18 16:50:58', NULL, NULL, '{\"DateTime\":\"2023-06-18 16:51:05\",\"Error\":false,\"TotalSMS\":2,\"Accepted\":2,\"TotalCreditUsed\":2,\"Failed\":0,\"ReferenceId\":\"DEPRI99118897237813483411\"}', 1, '2023-06-18 16:50:57', '2023-06-18 16:50:58'),
(88, 5, '09051462480', 'Try agin', NULL, NULL, NULL, NULL, NULL, 1, '2023-06-19 12:24:16', '2023-06-19 12:24:16'),
(89, 7, '09263013365', 'Try agin', NULL, NULL, NULL, NULL, NULL, 1, '2023-06-19 12:24:16', '2023-06-19 12:24:16');

-- --------------------------------------------------------

--
-- Table structure for table `tbl_tags`
--

CREATE TABLE `tbl_tags` (
  `id` int(11) NOT NULL,
  `tag` varchar(150) DEFAULT NULL,
  `description` text DEFAULT NULL,
  `active` tinyint(1) DEFAULT 1,
  `created_at` datetime DEFAULT NULL,
  `updated_at` datetime DEFAULT NULL
) ENGINE=InnoDB DEFAULT CHARSET=utf8 COLLATE=utf8_unicode_ci ROW_FORMAT=DYNAMIC;

--
-- Dumping data for table `tbl_tags`
--

INSERT INTO `tbl_tags` (`id`, `tag`, `description`, `active`, `created_at`, `updated_at`) VALUES
(3, 'resident', '', 1, '2022-08-30 21:31:30', '2022-09-02 21:22:40'),
(4, 'official', '', 1, '2022-09-02 21:22:52', '2022-09-02 21:22:52'),
(5, 'vendor', '', 1, '2022-09-02 21:23:10', '2022-09-02 21:23:10'),
(6, 'developer', '', 1, '2022-09-19 13:00:54', '2022-09-19 13:00:54'),
(7, 'senior citizen', '', 1, '2022-10-13 16:18:06', '2022-10-13 16:18:06'),
(8, 'tricycle driver', '', 1, '2022-12-02 22:23:47', '2022-12-02 22:23:47'),
(9, 'purok 1', '', 1, '2022-12-02 22:24:04', '2022-12-02 22:24:04'),
(10, 'purok 2', '', 1, '2022-12-02 22:24:17', '2022-12-02 22:24:17'),
(11, 'purok 3', '', 1, '2022-12-02 22:24:33', '2022-12-02 22:24:33'),
(12, 'purok 4', '', 1, '2022-12-02 22:24:42', '2022-12-02 22:24:42'),
(13, 'purok 5', '', 1, '2022-12-02 22:24:54', '2022-12-02 22:24:54'),
(14, 'purok 6', '', 1, '2022-12-02 22:25:07', '2022-12-02 22:25:07'),
(15, 'pwd', 'Person with Disability', 1, '2022-12-02 22:25:30', '2022-12-02 22:25:30'),
(16, 'barangay official', '', 1, '2023-01-03 22:15:04', '2023-01-03 22:15:04'),
(17, 'test', '', 1, '2023-05-14 10:23:24', '2023-05-14 10:23:24'),
(18, 'test2', '', 1, '2023-05-15 11:06:49', '2023-05-15 11:06:49'),
(19, 'for testing', '', 1, '2023-06-02 23:30:07', '2023-06-02 23:30:07'),
(20, 'fortesting', '', 1, '2023-06-02 23:30:57', '2023-06-02 23:30:57');

-- --------------------------------------------------------

--
-- Table structure for table `_template`
--

CREATE TABLE `_template` (
  `id` int(11) NOT NULL,
  `description` text DEFAULT NULL,
  `active` tinyint(1) DEFAULT 1,
  `created_at` datetime DEFAULT NULL,
  `updated_at` datetime DEFAULT NULL
) ENGINE=InnoDB DEFAULT CHARSET=utf8 COLLATE=utf8_unicode_ci ROW_FORMAT=DYNAMIC;

--
-- Indexes for dumped tables
--

--
-- Indexes for table `app_delete_files`
--
ALTER TABLE `app_delete_files`
  ADD PRIMARY KEY (`id`) USING BTREE;

--
-- Indexes for table `app_navbar_menus`
--
ALTER TABLE `app_navbar_menus`
  ADD PRIMARY KEY (`id`) USING BTREE,
  ADD UNIQUE KEY `Unique sidebar` (`parent_id`,`name`) USING BTREE,
  ADD KEY `route_id` (`route_id`) USING BTREE;

--
-- Indexes for table `app_notifications`
--
ALTER TABLE `app_notifications`
  ADD PRIMARY KEY (`id`) USING BTREE,
  ADD KEY `user_id` (`user_id`) USING BTREE;

--
-- Indexes for table `app_permissions`
--
ALTER TABLE `app_permissions`
  ADD PRIMARY KEY (`id`) USING BTREE,
  ADD UNIQUE KEY `Unique permission` (`permission`) USING BTREE;

--
-- Indexes for table `app_roles`
--
ALTER TABLE `app_roles`
  ADD PRIMARY KEY (`id`) USING BTREE,
  ADD UNIQUE KEY `Unique route` (`role`) USING BTREE;

--
-- Indexes for table `app_role_permissions`
--
ALTER TABLE `app_role_permissions`
  ADD PRIMARY KEY (`id`) USING BTREE,
  ADD UNIQUE KEY `Unique role_id, permission` (`role_id`,`permission_id`) USING BTREE,
  ADD KEY `permission_id` (`permission_id`) USING BTREE;

--
-- Indexes for table `app_role_routes`
--
ALTER TABLE `app_role_routes`
  ADD PRIMARY KEY (`id`) USING BTREE,
  ADD UNIQUE KEY `Unique role_route` (`role_id`,`route_id`) USING BTREE,
  ADD KEY `route_id` (`route_id`) USING BTREE;

--
-- Indexes for table `app_routes`
--
ALTER TABLE `app_routes`
  ADD PRIMARY KEY (`id`) USING BTREE,
  ADD UNIQUE KEY `Unique route` (`route`) USING BTREE;

--
-- Indexes for table `app_sessions`
--
ALTER TABLE `app_sessions`
  ADD KEY `ci_sessions_timestamp` (`timestamp`) USING BTREE;

--
-- Indexes for table `app_sidebar_menus`
--
ALTER TABLE `app_sidebar_menus`
  ADD PRIMARY KEY (`id`) USING BTREE,
  ADD UNIQUE KEY `Unique sidebar` (`parent_id`,`name`) USING BTREE,
  ADD KEY `route_id` (`route_id`) USING BTREE;

--
-- Indexes for table `app_users`
--
ALTER TABLE `app_users`
  ADD PRIMARY KEY (`id`) USING BTREE,
  ADD UNIQUE KEY `Unique username` (`username`) USING BTREE;

--
-- Indexes for table `app_user_extensions`
--
ALTER TABLE `app_user_extensions`
  ADD PRIMARY KEY (`id`) USING BTREE,
  ADD UNIQUE KEY `unique_email` (`email`) USING BTREE,
  ADD KEY `user_id` (`user_id`) USING BTREE;

--
-- Indexes for table `app_user_roles`
--
ALTER TABLE `app_user_roles`
  ADD PRIMARY KEY (`id`) USING BTREE,
  ADD UNIQUE KEY `Unique user_role` (`user_id`,`role_id`) USING BTREE,
  ADD KEY `role_id` (`role_id`) USING BTREE;

--
-- Indexes for table `app_verifications`
--
ALTER TABLE `app_verifications`
  ADD PRIMARY KEY (`id`) USING BTREE;

--
-- Indexes for table `tbl_contacts`
--
ALTER TABLE `tbl_contacts`
  ADD PRIMARY KEY (`id`) USING BTREE;

--
-- Indexes for table `tbl_contact_tags`
--
ALTER TABLE `tbl_contact_tags`
  ADD PRIMARY KEY (`id`) USING BTREE,
  ADD KEY `contact_id` (`contact_id`) USING BTREE,
  ADD KEY `tag_id` (`tag_id`) USING BTREE;

--
-- Indexes for table `tbl_locations`
--
ALTER TABLE `tbl_locations`
  ADD PRIMARY KEY (`id`) USING BTREE;

--
-- Indexes for table `tbl_location_categories`
--
ALTER TABLE `tbl_location_categories`
  ADD PRIMARY KEY (`id`) USING BTREE;

--
-- Indexes for table `tbl_news`
--
ALTER TABLE `tbl_news`
  ADD PRIMARY KEY (`id`) USING BTREE;

--
-- Indexes for table `tbl_reports_d`
--
ALTER TABLE `tbl_reports_d`
  ADD PRIMARY KEY (`id`) USING BTREE,
  ADD KEY `hid` (`hid`) USING BTREE;

--
-- Indexes for table `tbl_reports_h`
--
ALTER TABLE `tbl_reports_h`
  ADD PRIMARY KEY (`id`) USING BTREE;

--
-- Indexes for table `tbl_sms_outbounds`
--
ALTER TABLE `tbl_sms_outbounds`
  ADD PRIMARY KEY (`id`) USING BTREE,
  ADD KEY `contact_id` (`contact_id`) USING BTREE;

--
-- Indexes for table `tbl_tags`
--
ALTER TABLE `tbl_tags`
  ADD PRIMARY KEY (`id`) USING BTREE;

--
-- Indexes for table `_template`
--
ALTER TABLE `_template`
  ADD PRIMARY KEY (`id`) USING BTREE;

--
-- AUTO_INCREMENT for dumped tables
--

--
-- AUTO_INCREMENT for table `app_delete_files`
--
ALTER TABLE `app_delete_files`
  MODIFY `id` int(11) NOT NULL AUTO_INCREMENT;

--
-- AUTO_INCREMENT for table `app_navbar_menus`
--
ALTER TABLE `app_navbar_menus`
  MODIFY `id` int(11) NOT NULL AUTO_INCREMENT, AUTO_INCREMENT=7;

--
-- AUTO_INCREMENT for table `app_notifications`
--
ALTER TABLE `app_notifications`
  MODIFY `id` int(11) NOT NULL AUTO_INCREMENT;

--
-- AUTO_INCREMENT for table `app_permissions`
--
ALTER TABLE `app_permissions`
  MODIFY `id` int(11) NOT NULL AUTO_INCREMENT, AUTO_INCREMENT=13;

--
-- AUTO_INCREMENT for table `app_roles`
--
ALTER TABLE `app_roles`
  MODIFY `id` int(11) NOT NULL AUTO_INCREMENT, AUTO_INCREMENT=14;

--
-- AUTO_INCREMENT for table `app_role_permissions`
--
ALTER TABLE `app_role_permissions`
  MODIFY `id` int(11) NOT NULL AUTO_INCREMENT, AUTO_INCREMENT=19;

--
-- AUTO_INCREMENT for table `app_role_routes`
--
ALTER TABLE `app_role_routes`
  MODIFY `id` int(11) NOT NULL AUTO_INCREMENT, AUTO_INCREMENT=386;

--
-- AUTO_INCREMENT for table `app_routes`
--
ALTER TABLE `app_routes`
  MODIFY `id` int(11) NOT NULL AUTO_INCREMENT, AUTO_INCREMENT=112;

--
-- AUTO_INCREMENT for table `app_sidebar_menus`
--
ALTER TABLE `app_sidebar_menus`
  MODIFY `id` int(11) NOT NULL AUTO_INCREMENT, AUTO_INCREMENT=66;

--
-- AUTO_INCREMENT for table `app_users`
--
ALTER TABLE `app_users`
  MODIFY `id` int(11) NOT NULL AUTO_INCREMENT, AUTO_INCREMENT=18;

--
-- AUTO_INCREMENT for table `app_user_extensions`
--
ALTER TABLE `app_user_extensions`
  MODIFY `id` int(11) NOT NULL AUTO_INCREMENT, AUTO_INCREMENT=18;

--
-- AUTO_INCREMENT for table `app_user_roles`
--
ALTER TABLE `app_user_roles`
  MODIFY `id` int(11) NOT NULL AUTO_INCREMENT, AUTO_INCREMENT=13;

--
-- AUTO_INCREMENT for table `app_verifications`
--
ALTER TABLE `app_verifications`
  MODIFY `id` int(11) NOT NULL AUTO_INCREMENT;

--
-- AUTO_INCREMENT for table `tbl_contacts`
--
ALTER TABLE `tbl_contacts`
  MODIFY `id` int(11) NOT NULL AUTO_INCREMENT, AUTO_INCREMENT=83;

--
-- AUTO_INCREMENT for table `tbl_contact_tags`
--
ALTER TABLE `tbl_contact_tags`
  MODIFY `id` int(11) NOT NULL AUTO_INCREMENT, AUTO_INCREMENT=92;

--
-- AUTO_INCREMENT for table `tbl_locations`
--
ALTER TABLE `tbl_locations`
  MODIFY `id` int(11) NOT NULL AUTO_INCREMENT, AUTO_INCREMENT=90;

--
-- AUTO_INCREMENT for table `tbl_location_categories`
--
ALTER TABLE `tbl_location_categories`
  MODIFY `id` int(11) NOT NULL AUTO_INCREMENT, AUTO_INCREMENT=17;

--
-- AUTO_INCREMENT for table `tbl_news`
--
ALTER TABLE `tbl_news`
  MODIFY `id` int(11) NOT NULL AUTO_INCREMENT, AUTO_INCREMENT=3;

--
-- AUTO_INCREMENT for table `tbl_reports_d`
--
ALTER TABLE `tbl_reports_d`
  MODIFY `id` int(11) NOT NULL AUTO_INCREMENT, AUTO_INCREMENT=82;

--
-- AUTO_INCREMENT for table `tbl_reports_h`
--
ALTER TABLE `tbl_reports_h`
  MODIFY `id` int(11) NOT NULL AUTO_INCREMENT, AUTO_INCREMENT=28;

--
-- AUTO_INCREMENT for table `tbl_sms_outbounds`
--
ALTER TABLE `tbl_sms_outbounds`
  MODIFY `id` int(11) NOT NULL AUTO_INCREMENT, AUTO_INCREMENT=90;

--
-- AUTO_INCREMENT for table `tbl_tags`
--
ALTER TABLE `tbl_tags`
  MODIFY `id` int(11) NOT NULL AUTO_INCREMENT, AUTO_INCREMENT=21;

--
-- AUTO_INCREMENT for table `_template`
--
ALTER TABLE `_template`
  MODIFY `id` int(11) NOT NULL AUTO_INCREMENT;

--
-- Constraints for dumped tables
--

--
-- Constraints for table `app_navbar_menus`
--
ALTER TABLE `app_navbar_menus`
  ADD CONSTRAINT `app_navbar_menus_ibfk_1` FOREIGN KEY (`parent_id`) REFERENCES `app_navbar_menus` (`id`) ON DELETE CASCADE ON UPDATE NO ACTION,
  ADD CONSTRAINT `app_navbar_menus_ibfk_2` FOREIGN KEY (`route_id`) REFERENCES `app_routes` (`id`) ON DELETE CASCADE ON UPDATE NO ACTION;

--
-- Constraints for table `app_notifications`
--
ALTER TABLE `app_notifications`
  ADD CONSTRAINT `app_notifications_ibfk_1` FOREIGN KEY (`user_id`) REFERENCES `app_users` (`id`) ON DELETE CASCADE ON UPDATE NO ACTION;

--
-- Constraints for table `app_role_permissions`
--
ALTER TABLE `app_role_permissions`
  ADD CONSTRAINT `app_role_permissions_ibfk_1` FOREIGN KEY (`role_id`) REFERENCES `app_roles` (`id`) ON DELETE CASCADE ON UPDATE NO ACTION,
  ADD CONSTRAINT `app_role_permissions_ibfk_2` FOREIGN KEY (`permission_id`) REFERENCES `app_permissions` (`id`) ON DELETE CASCADE ON UPDATE NO ACTION;

--
-- Constraints for table `app_role_routes`
--
ALTER TABLE `app_role_routes`
  ADD CONSTRAINT `app_role_routes_ibfk_1` FOREIGN KEY (`route_id`) REFERENCES `app_routes` (`id`) ON DELETE CASCADE ON UPDATE NO ACTION,
  ADD CONSTRAINT `app_role_routes_ibfk_2` FOREIGN KEY (`role_id`) REFERENCES `app_roles` (`id`) ON DELETE CASCADE ON UPDATE NO ACTION;

--
-- Constraints for table `app_sidebar_menus`
--
ALTER TABLE `app_sidebar_menus`
  ADD CONSTRAINT `app_sidebar_menus_ibfk_1` FOREIGN KEY (`parent_id`) REFERENCES `app_sidebar_menus` (`id`) ON DELETE CASCADE ON UPDATE NO ACTION,
  ADD CONSTRAINT `app_sidebar_menus_ibfk_2` FOREIGN KEY (`route_id`) REFERENCES `app_routes` (`id`) ON DELETE CASCADE ON UPDATE NO ACTION;

--
-- Constraints for table `app_user_roles`
--
ALTER TABLE `app_user_roles`
  ADD CONSTRAINT `app_user_roles_ibfk_1` FOREIGN KEY (`role_id`) REFERENCES `app_roles` (`id`) ON DELETE CASCADE ON UPDATE NO ACTION,
  ADD CONSTRAINT `app_user_roles_ibfk_2` FOREIGN KEY (`user_id`) REFERENCES `app_users` (`id`) ON DELETE CASCADE ON UPDATE NO ACTION;

--
-- Constraints for table `tbl_contact_tags`
--
ALTER TABLE `tbl_contact_tags`
  ADD CONSTRAINT `tbl_contact_tags_ibfk_1` FOREIGN KEY (`contact_id`) REFERENCES `tbl_contacts` (`id`) ON DELETE CASCADE ON UPDATE NO ACTION,
  ADD CONSTRAINT `tbl_contact_tags_ibfk_2` FOREIGN KEY (`tag_id`) REFERENCES `tbl_tags` (`id`) ON DELETE CASCADE ON UPDATE NO ACTION;

--
-- Constraints for table `tbl_reports_d`
--
ALTER TABLE `tbl_reports_d`
  ADD CONSTRAINT `tbl_reports_d_ibfk_1` FOREIGN KEY (`hid`) REFERENCES `tbl_reports_h` (`id`) ON DELETE CASCADE ON UPDATE NO ACTION;

--
-- Constraints for table `tbl_sms_outbounds`
--
ALTER TABLE `tbl_sms_outbounds`
  ADD CONSTRAINT `tbl_sms_outbounds_ibfk_1` FOREIGN KEY (`contact_id`) REFERENCES `tbl_contacts` (`id`) ON DELETE CASCADE ON UPDATE NO ACTION;
COMMIT;

/*!40101 SET CHARACTER_SET_CLIENT=@OLD_CHARACTER_SET_CLIENT */;
/*!40101 SET CHARACTER_SET_RESULTS=@OLD_CHARACTER_SET_RESULTS */;
/*!40101 SET COLLATION_CONNECTION=@OLD_COLLATION_CONNECTION */;
